#
# There is insufficient memory for the Java Runtime Environment to continue.
# Native memory allocation (mmap) failed to map 73400320 bytes for G1 virtual space
# Possible reasons:
#   The system is out of physical RAM or swap space
#   The process is running with CompressedOops enabled, and the Java Heap may be blocking the growth of the native heap
# Possible solutions:
#   Reduce memory load on the system
#   Increase physical memory or swap space
#   Check if swap backing store is full
#   Decrease Java heap size (-Xmx/-Xms)
#   Decrease number of Java threads
#   Decrease Java thread stack sizes (-Xss)
#   Set larger code cache with -XX:ReservedCodeCacheSize=
#   JVM is running with Unscaled Compressed Oops mode in which the Java heap is
#     placed in the first 4GB address space. The Java Heap base address is the
#     maximum limit for the native heap growth. Please use -XX:HeapBaseMinAddress
#     to set the Java Heap base and to place the Java Heap above 4GB virtual address.
# This output file may be truncated or incomplete.
#
#  Out of Memory Error (os_windows.cpp:3604), pid=176688, tid=116888
#
# JRE version: Java(TM) SE Runtime Environment (21.0.10+8) (build 21.0.10+8-LTS-217)
# Java VM: Java HotSpot(TM) 64-Bit Server VM (21.0.10+8-LTS-217, mixed mode, sharing, tiered, compressed oops, compressed class ptrs, g1 gc, windows-amd64)
# No core dump will be written. Minidumps are not enabled by default on client versions of Windows
#

---------------  S U M M A R Y ------------

Command Line: --add-opens=java.base/java.lang=ALL-UNNAMED --add-opens=java.base/java.lang.invoke=ALL-UNNAMED --add-opens=java.base/java.util=ALL-UNNAMED --add-opens=java.prefs/java.util.prefs=ALL-UNNAMED --add-exports=jdk.compiler/com.sun.tools.javac.api=ALL-UNNAMED --add-exports=jdk.compiler/com.sun.tools.javac.util=ALL-UNNAMED --add-opens=java.base/java.util=ALL-UNNAMED --add-opens=java.prefs/java.util.prefs=ALL-UNNAMED --add-opens=java.base/java.nio.charset=ALL-UNNAMED --add-opens=java.base/java.net=ALL-UNNAMED --add-opens=java.base/java.util.concurrent.atomic=ALL-UNNAMED --add-opens=java.xml/javax.xml.namespace=ALL-UNNAMED -Xmx2048m -Dfile.encoding=UTF-8 -Duser.country=US -Duser.language=en -Duser.variant -javaagent:C:\Users\user\.gradle\wrapper\dists\gradle-8.14.4-all\231zbbez8dqwqz4pvbcxtcw84\gradle-8.14.4\lib\agents\gradle-instrumentation-agent-8.14.4.jar org.gradle.launcher.daemon.bootstrap.GradleDaemon 8.14.4

Host: AMD Ryzen 3 7320U with Radeon Graphics         , 8 cores, 5G,  Windows 11 , 64 bit Build 26100 (10.0.26100.6725)
Time: Mon Sep 14 13:08:45 2026 Malay Peninsula Standard Time elapsed time: 470.366853 seconds (0d 0h 7m 50s)

---------------  T H R E A D  ---------------

Current thread (0x000001df6fe1bc30):  VMThread "VM Thread"          [id=116888, stack(0x0000000776c00000,0x0000000776d00000) (1024K)]

Stack: [0x0000000776c00000,0x0000000776d00000]
Native frames: (J=compiled Java code, j=interpreted, Vv=VM code, C=native code)
V  [jvm.dll+0x6d0b59]
V  [jvm.dll+0x85fd56]
V  [jvm.dll+0x86224e]
V  [jvm.dll+0x862923]
V  [jvm.dll+0x282a16]
V  [jvm.dll+0x6cd405]
V  [jvm.dll+0x6c1f8a]
V  [jvm.dll+0x35bcc8]
V  [jvm.dll+0x363986]
V  [jvm.dll+0x3b4a3e]
V  [jvm.dll+0x3b4ce8]
V  [jvm.dll+0x32f98c]
V  [jvm.dll+0x3321b6]
V  [jvm.dll+0x33c5ca]
V  [jvm.dll+0x371d0f]
V  [jvm.dll+0x86861f]
V  [jvm.dll+0x8699ac]
V  [jvm.dll+0x869ee1]
V  [jvm.dll+0x86a183]
V  [jvm.dll+0x80a83d]
V  [jvm.dll+0x6cf3fd]
C  [ucrtbase.dll+0x37b0]
C  [KERNEL32.DLL+0x2e8d7]
C  [ntdll.dll+0x8c53c]

VM_Operation (0x00000007767ff650): G1PauseRemark, mode: safepoint, requested by thread 0x000001df52c922b0


---------------  P R O C E S S  ---------------

Threads class SMR info:
_java_thread_list=0x000001df74d02870, length=76, elements={
0x000001df510a54a0, 0x000001df6fe39980, 0x000001df6fe3a4e0, 0x000001df6fe40840,
0x000001df6fe433e0, 0x000001df6fe44c10, 0x000001df6fe4e450, 0x000001df6fe5a970,
0x000001df6fe5ba20, 0x000001df74294800, 0x000001df742995c0, 0x000001df75df8a70,
0x000001df75d9e040, 0x000001df75cc5a00, 0x000001df75d37e20, 0x000001df75d391d0,
0x000001df75d384b0, 0x000001df7607b830, 0x000001df76079df0, 0x000001df7607bec0,
0x000001df7607c550, 0x000001df783a7130, 0x000001df78d31c90, 0x000001df78d30f70,
0x000001df783a77c0, 0x000001df7991e2c0, 0x000001df7991efe0, 0x000001df7f52aa40,
0x000001df7f52d830, 0x000001df7f28d140, 0x000001df7f290c50, 0x000001df7f2912e0,
0x000001df78d29460, 0x000001df78d26670, 0x000001df78d27a20, 0x000001df78d2a180,
0x000001df78d27390, 0x000001df78d280b0, 0x000001df78d28740, 0x000001df78d26d00,
0x000001df78d2c250, 0x000001df78d2a810, 0x000001df78d2bbc0, 0x000001df78d2aea0,
0x000001df78d2b530, 0x000001df78d28dd0, 0x000001df78d2c8e0, 0x000001df78d2cf70,
0x000001df78d2d600, 0x000001df412c3510, 0x000001df412c48c0, 0x000001df412c4f50,
0x000001df412c1ad0, 0x000001df412c55e0, 0x000001df412c2160, 0x000001df412c5c70,
0x000001df412c27f0, 0x000001df412c7d40, 0x000001df412c9780, 0x000001df412c90f0,
0x000001df412c83d0, 0x000001df412c8a60, 0x000001df412c6300, 0x000001df412c6990,
0x000001df412c7020, 0x000001df412ca4a0, 0x000001df412cab30, 0x000001df412c76b0,
0x000001df412cd920, 0x000001df412cb850, 0x000001df412cdfb0, 0x000001df412cbee0,
0x000001df412ce640, 0x000001df412cecd0, 0x000001df412cf360, 0x000001df412cf9f0
}

Java Threads: ( => current thread )
  0x000001df510a54a0 JavaThread "main"                              [_thread_blocked, id=173656, stack(0x0000000776500000,0x0000000776600000) (1024K)]
  0x000001df6fe39980 JavaThread "Reference Handler"          daemon [_thread_blocked, id=178264, stack(0x0000000776d00000,0x0000000776e00000) (1024K)]
  0x000001df6fe3a4e0 JavaThread "Finalizer"                  daemon [_thread_blocked, id=175144, stack(0x0000000776e00000,0x0000000776f00000) (1024K)]
  0x000001df6fe40840 JavaThread "Signal Dispatcher"          daemon [_thread_blocked, id=163916, stack(0x0000000776f00000,0x0000000777000000) (1024K)]
  0x000001df6fe433e0 JavaThread "Attach Listener"            daemon [_thread_blocked, id=164836, stack(0x0000000777000000,0x0000000777100000) (1024K)]
  0x000001df6fe44c10 JavaThread "Service Thread"             daemon [_thread_blocked, id=176548, stack(0x0000000777100000,0x0000000777200000) (1024K)]
  0x000001df6fe4e450 JavaThread "Monitor Deflation Thread"   daemon [_thread_blocked, id=174028, stack(0x0000000777200000,0x0000000777300000) (1024K)]
  0x000001df6fe5a970 JavaThread "C2 CompilerThread0"         daemon [_thread_blocked, id=173332, stack(0x0000000777300000,0x0000000777400000) (1024K)]
  0x000001df6fe5ba20 JavaThread "C1 CompilerThread0"         daemon [_thread_blocked, id=124700, stack(0x0000000777400000,0x0000000777500000) (1024K)]
  0x000001df74294800 JavaThread "Common-Cleaner"             daemon [_thread_blocked, id=174788, stack(0x0000000777500000,0x0000000777600000) (1024K)]
  0x000001df742995c0 JavaThread "Notification Thread"        daemon [_thread_blocked, id=171752, stack(0x0000000777600000,0x0000000777700000) (1024K)]
  0x000001df75df8a70 JavaThread "Daemon health stats"               [_thread_blocked, id=178368, stack(0x0000000777b00000,0x0000000777c00000) (1024K)]
  0x000001df75d9e040 JavaThread "Incoming local TCP Connector on port 61174"        [_thread_in_native, id=166976, stack(0x0000000777c00000,0x0000000777d00000) (1024K)]
  0x000001df75cc5a00 JavaThread "Daemon periodic checks"            [_thread_blocked, id=173272, stack(0x0000000777d00000,0x0000000777e00000) (1024K)]
  0x000001df75d37e20 JavaThread "Cache worker for journal cache (C:\Users\user\.gradle\caches\journal-1)"        [_thread_blocked, id=174908, stack(0x0000000778500000,0x0000000778600000) (1024K)]
  0x000001df75d391d0 JavaThread "File lock request listener"        [_thread_in_native, id=178920, stack(0x0000000778600000,0x0000000778700000) (1024K)]
  0x000001df75d384b0 JavaThread "Cache worker for file hash cache (C:\Users\user\.gradle\caches\8.14.4\fileHashes)"        [_thread_blocked, id=178716, stack(0x0000000778a00000,0x0000000778b00000) (1024K)]
  0x000001df7607b830 JavaThread "File watcher server"        daemon [_thread_in_native, id=176692, stack(0x0000000778e00000,0x0000000778f00000) (1024K)]
  0x000001df76079df0 JavaThread "File watcher consumer"      daemon [_thread_blocked, id=158012, stack(0x0000000778f00000,0x0000000779000000) (1024K)]
  0x000001df7607bec0 JavaThread "jar transforms"                    [_thread_blocked, id=177568, stack(0x0000000779000000,0x0000000779100000) (1024K)]
  0x000001df7607c550 JavaThread "Cache worker for file content cache (C:\Users\user\.gradle\caches\8.14.4\fileContent)"        [_thread_blocked, id=174448, stack(0x0000000779200000,0x0000000779300000) (1024K)]
  0x000001df783a7130 JavaThread "Memory manager"                    [_thread_blocked, id=159208, stack(0x0000000779f00000,0x000000077a000000) (1024K)]
  0x000001df78d31c90 JavaThread "jar transforms Thread 2"           [_thread_blocked, id=154036, stack(0x000000077b500000,0x000000077b600000) (1024K)]
  0x000001df78d30f70 JavaThread "jar transforms Thread 3"           [_thread_blocked, id=155508, stack(0x000000077b600000,0x000000077b700000) (1024K)]
  0x000001df783a77c0 JavaThread "jar transforms Thread 4"           [_thread_blocked, id=165352, stack(0x000000077bc00000,0x000000077bd00000) (1024K)]
  0x000001df7991e2c0 JavaThread "jar transforms Thread 5"           [_thread_blocked, id=169812, stack(0x000000077bd00000,0x000000077be00000) (1024K)]
  0x000001df7991efe0 JavaThread "jar transforms Thread 6"           [_thread_blocked, id=178392, stack(0x000000077be00000,0x000000077bf00000) (1024K)]
  0x000001df7f52aa40 JavaThread "jar transforms Thread 7"           [_thread_blocked, id=173796, stack(0x000000077c200000,0x000000077c300000) (1024K)]
  0x000001df7f52d830 JavaThread "jar transforms Thread 8"           [_thread_blocked, id=176012, stack(0x000000077c300000,0x000000077c400000) (1024K)]
  0x000001df7f28d140 JavaThread "Daemon Thread 2"                   [_thread_blocked, id=179632, stack(0x0000000776200000,0x0000000776300000) (1024K)]
  0x000001df7f290c50 JavaThread "Handler for socket connection from /127.0.0.1:61174 to /127.0.0.1:50182"        [_thread_in_native, id=179640, stack(0x0000000776300000,0x0000000776400000) (1024K)]
  0x000001df7f2912e0 JavaThread "Cancel handler"                    [_thread_blocked, id=179612, stack(0x0000000776400000,0x0000000776500000) (1024K)]
  0x000001df78d29460 JavaThread "Daemon worker Thread 2"            [_thread_blocked, id=179504, stack(0x0000000777e00000,0x0000000777f00000) (1024K)]
  0x000001df78d26670 JavaThread "Asynchronous log dispatcher for DefaultDaemonConnection: socket connection from /127.0.0.1:61174 to /127.0.0.1:50182"        [_thread_blocked, id=167636, stack(0x0000000777f00000,0x0000000778000000) (1024K)]
  0x000001df78d27a20 JavaThread "Stdin handler"                     [_thread_blocked, id=159232, stack(0x0000000778000000,0x0000000778100000) (1024K)]
  0x000001df78d2a180 JavaThread "Daemon client event forwarder"        [_thread_blocked, id=14568, stack(0x0000000778100000,0x0000000778200000) (1024K)]
  0x000001df78d27390 JavaThread "Cache worker for file hash cache (D:\towing_system1\GWTowandRescue\android\.gradle\8.14.4\fileHashes)"        [_thread_blocked, id=124524, stack(0x0000000778200000,0x0000000778300000) (1024K)]
  0x000001df78d280b0 JavaThread "Cache worker for Build Output Cleanup Cache (D:\towing_system1\GWTowandRescue\android\.gradle\buildOutputCleanup)"        [_thread_blocked, id=162624, stack(0x0000000778300000,0x0000000778400000) (1024K)]
  0x000001df78d28740 JavaThread "Cache worker for checksums cache (D:\towing_system1\GWTowandRescue\android\.gradle\8.14.4\checksums)"        [_thread_blocked, id=179712, stack(0x0000000778400000,0x0000000778500000) (1024K)]
  0x000001df78d26d00 JavaThread "Cache worker for cache directory md-supplier (C:\Users\user\.gradle\caches\8.14.4\md-supplier)"        [_thread_blocked, id=160656, stack(0x0000000778c00000,0x0000000778d00000) (1024K)]
  0x000001df78d2c250 JavaThread "Cache worker for cache directory md-rule (C:\Users\user\.gradle\caches\8.14.4\md-rule)"        [_thread_blocked, id=171212, stack(0x0000000778d00000,0x0000000778e00000) (1024K)]
  0x000001df78d2a810 JavaThread "Problems report writer"            [_thread_blocked, id=13212, stack(0x0000000779100000,0x0000000779200000) (1024K)]
  0x000001df78d2bbc0 JavaThread "Cache worker for Build Output Cleanup Cache (D:\towing_system1\GWTowandRescue\node_modules\@react-native\gradle-plugin\.gradle\buildOutputCleanup)"        [_thread_blocked, id=18624, stack(0x0000000779300000,0x0000000779400000) (1024K)]
  0x000001df78d2aea0 JavaThread "Unconstrained build operations"        [_thread_blocked, id=178420, stack(0x0000000779400000,0x0000000779500000) (1024K)]
  0x000001df78d2b530 JavaThread "Unconstrained build operations Thread 2"        [_thread_blocked, id=161980, stack(0x0000000779500000,0x0000000779600000) (1024K)]
  0x000001df78d28dd0 JavaThread "Unconstrained build operations Thread 3"        [_thread_blocked, id=167404, stack(0x0000000779600000,0x0000000779700000) (1024K)]
  0x000001df78d2c8e0 JavaThread "Unconstrained build operations Thread 4"        [_thread_blocked, id=163948, stack(0x0000000779700000,0x0000000779800000) (1024K)]
  0x000001df78d2cf70 JavaThread "build event listener"              [_thread_blocked, id=173892, stack(0x0000000779800000,0x0000000779900000) (1024K)]
  0x000001df78d2d600 JavaThread "ForkJoinPool.commonPool-worker-8" daemon [_thread_blocked, id=177192, stack(0x0000000779900000,0x0000000779a00000) (1024K)]
  0x000001df412c3510 JavaThread "ForkJoinPool.commonPool-worker-9" daemon [_thread_blocked, id=138692, stack(0x0000000779a00000,0x0000000779b00000) (1024K)]
  0x000001df412c48c0 JavaThread "ForkJoinPool.commonPool-worker-10" daemon [_thread_blocked, id=177784, stack(0x0000000779b00000,0x0000000779c00000) (1024K)]
  0x000001df412c4f50 JavaThread "ForkJoinPool.commonPool-worker-11" daemon [_thread_blocked, id=174364, stack(0x0000000779c00000,0x0000000779d00000) (1024K)]
  0x000001df412c1ad0 JavaThread "ForkJoinPool.commonPool-worker-12" daemon [_thread_blocked, id=162988, stack(0x0000000779d00000,0x0000000779e00000) (1024K)]
  0x000001df412c55e0 JavaThread "ForkJoinPool.commonPool-worker-13" daemon [_thread_blocked, id=36304, stack(0x0000000779e00000,0x0000000779f00000) (1024K)]
  0x000001df412c2160 JavaThread "ForkJoinPool.commonPool-worker-14" daemon [_thread_blocked, id=57916, stack(0x000000077a000000,0x000000077a100000) (1024K)]
  0x000001df412c5c70 JavaThread "included builds"                   [_thread_blocked, id=178440, stack(0x000000077a100000,0x000000077a200000) (1024K)]
  0x000001df412c27f0 JavaThread "Execution worker"                  [_thread_blocked, id=177864, stack(0x000000077a200000,0x000000077a300000) (1024K)]
  0x000001df412c7d40 JavaThread "Cache worker for execution history cache (D:\towing_system1\GWTowandRescue\node_modules\@react-native\gradle-plugin\.gradle\8.14.4\executionHistory)"        [_thread_blocked, id=177580, stack(0x000000077a300000,0x000000077a400000) (1024K)]
  0x000001df412c9780 JavaThread "Unconstrained build operations Thread 5"        [_thread_blocked, id=174332, stack(0x000000077a400000,0x000000077a500000) (1024K)]
  0x000001df412c90f0 JavaThread "Unconstrained build operations Thread 6"        [_thread_blocked, id=179180, stack(0x000000077a500000,0x000000077a600000) (1024K)]
  0x000001df412c83d0 JavaThread "Unconstrained build operations Thread 7"        [_thread_blocked, id=177200, stack(0x000000077a600000,0x000000077a700000) (1024K)]
  0x000001df412c8a60 JavaThread "Unconstrained build operations Thread 8"        [_thread_blocked, id=178396, stack(0x000000077a700000,0x000000077a800000) (1024K)]
  0x000001df412c6300 JavaThread "Unconstrained build operations Thread 9"        [_thread_blocked, id=175492, stack(0x000000077a800000,0x000000077a900000) (1024K)]
  0x000001df412c6990 JavaThread "Unconstrained build operations Thread 10"        [_thread_blocked, id=160244, stack(0x000000077a900000,0x000000077aa00000) (1024K)]
  0x000001df412c7020 JavaThread "Unconstrained build operations Thread 11"        [_thread_blocked, id=61104, stack(0x000000077aa00000,0x000000077ab00000) (1024K)]
  0x000001df412ca4a0 JavaThread "Unconstrained build operations Thread 12"        [_thread_blocked, id=179204, stack(0x000000077ab00000,0x000000077ac00000) (1024K)]
  0x000001df412cab30 JavaThread "build event listener"              [_thread_blocked, id=179516, stack(0x000000077ac00000,0x000000077ad00000) (1024K)]
  0x000001df412c76b0 JavaThread "Unconstrained build operations Thread 13"        [_thread_blocked, id=179520, stack(0x000000077ad00000,0x000000077ae00000) (1024K)]
  0x000001df412cd920 JavaThread "Unconstrained build operations Thread 14"        [_thread_blocked, id=179236, stack(0x000000077ae00000,0x000000077af00000) (1024K)]
  0x000001df412cb850 JavaThread "Unconstrained build operations Thread 15"        [_thread_blocked, id=178632, stack(0x000000077af00000,0x000000077b000000) (1024K)]
  0x000001df412cdfb0 JavaThread "Unconstrained build operations Thread 16"        [_thread_blocked, id=121716, stack(0x000000077b000000,0x000000077b100000) (1024K)]
  0x000001df412cbee0 JavaThread "Unconstrained build operations Thread 17"        [_thread_blocked, id=179224, stack(0x000000077b100000,0x000000077b200000) (1024K)]
  0x000001df412ce640 JavaThread "Unconstrained build operations Thread 18"        [_thread_blocked, id=162336, stack(0x000000077b200000,0x000000077b300000) (1024K)]
  0x000001df412cecd0 JavaThread "Exec process Thread 4"             [_thread_blocked, id=175352, stack(0x000000077b300000,0x000000077b400000) (1024K)]
  0x000001df412cf360 JavaThread "Exec process Thread 5"             [_thread_blocked, id=154160, stack(0x000000077b400000,0x000000077b500000) (1024K)]
  0x000001df412cf9f0 JavaThread "Exec process Thread 6"             [_thread_blocked, id=179340, stack(0x000000077b700000,0x000000077b800000) (1024K)]
Total: 76

Other Threads:
=>0x000001df6fe1bc30 VMThread "VM Thread"                           [id=116888, stack(0x0000000776c00000,0x0000000776d00000) (1024K)]
  0x000001df6fe0b930 WatcherThread "VM Periodic Task Thread"        [id=125096, stack(0x0000000776b00000,0x0000000776c00000) (1024K)]
  0x000001df52c812c0 WorkerThread "GC Thread#0"                     [id=166684, stack(0x0000000776600000,0x0000000776700000) (1024K)]
  0x000001df742bc580 WorkerThread "GC Thread#1"                     [id=20272, stack(0x0000000777700000,0x0000000777800000) (1024K)]
  0x000001df744319a0 WorkerThread "GC Thread#2"                     [id=165348, stack(0x0000000777800000,0x0000000777900000) (1024K)]
  0x000001df74fd7590 WorkerThread "GC Thread#3"                     [id=178148, stack(0x0000000777900000,0x0000000777a00000) (1024K)]
  0x000001df74fd7940 WorkerThread "GC Thread#4"                     [id=177668, stack(0x0000000777a00000,0x0000000777b00000) (1024K)]
  0x000001df75fa3c90 WorkerThread "GC Thread#5"                     [id=175520, stack(0x0000000778700000,0x0000000778800000) (1024K)]
  0x000001df75fa4040 WorkerThread "GC Thread#6"                     [id=169400, stack(0x0000000778800000,0x0000000778900000) (1024K)]
  0x000001df75fa43f0 WorkerThread "GC Thread#7"                     [id=173820, stack(0x0000000778900000,0x0000000778a00000) (1024K)]
  0x000001df52c922b0 ConcurrentGCThread "G1 Main Marker"            [id=155652, stack(0x0000000776700000,0x0000000776800000) (1024K)]
  0x000001df52c94c50 WorkerThread "G1 Conc#0"                       [id=159536, stack(0x0000000776800000,0x0000000776900000) (1024K)]
  0x000001df765cde60 WorkerThread "G1 Conc#1"                       [id=178584, stack(0x0000000778b00000,0x0000000778c00000) (1024K)]
  0x000001df6fcdf140 ConcurrentGCThread "G1 Refine#0"               [id=174316, stack(0x0000000776900000,0x0000000776a00000) (1024K)]
  0x000001df6fcdfbd0 ConcurrentGCThread "G1 Service"                [id=176592, stack(0x0000000776a00000,0x0000000776b00000) (1024K)]
Total: 15

Threads with active compile tasks:
C2 CompilerThread0   470405 18867       4       jdk.internal.reflect.Reflection::verifyMemberAccess (200 bytes)
Total: 1

VM state: at safepoint (normal execution)

VM Mutex/Monitor currently owned by a thread:  ([mutex/lock_event])
[0x00007fff7d8d9f10] Threads_lock - owner thread: 0x000001df6fe1bc30
[0x00007fff7d8da010] Heap_lock - owner thread: 0x000001df52c922b0

Heap address: 0x0000000080000000, size: 2048 MB, Compressed Oops mode: 32-bit

CDS archive(s) mapped at: [0x000001df00000000-0x000001df00c90000-0x000001df00c90000), size 13172736, SharedBaseAddress: 0x000001df00000000, ArchiveRelocationMode: 1.
Compressed class space mapped at: 0x000001df01000000-0x000001df41000000, reserved size: 1073741824
Narrow klass base: 0x000001df00000000, Narrow klass shift: 0, Narrow klass range: 0x100000000

GC Precious Log:
 CardTable entry size: 512
 Card Set container configuration: InlinePtr #cards 5 size 8 Array Of Cards #cards 12 size 40 Howl #buckets 4 coarsen threshold 1843 Howl Bitmap #cards 512 size 80 coarsen threshold 460 Card regions per heap region 1 cards per card region 2048
 CPUs: 8 total, 8 available
 Memory: 5877M
 Large Page Support: Disabled
 NUMA Support: Disabled
 Compressed Oops: Enabled (32-bit)
 Heap Region Size: 1M
 Heap Min Capacity: 8M
 Heap Initial Capacity: 92M
 Heap Max Capacity: 2G
 Pre-touch: Disabled
 Parallel Workers: 8
 Concurrent Workers: 2
 Concurrent Refinement Workers: 8
 Periodic GC: Disabled

Heap:
 garbage-first heap   total 370688K, used 263135K [0x0000000080000000, 0x0000000100000000)
  region size 1024K, 42 young (43008K), 9 survivors (9216K)
 Metaspace       used 120120K, committed 122944K, reserved 1179648K
  class space    used 16375K, committed 17792K, reserved 1048576K

Heap Regions: E=young(eden), S=young(survivor), O=old, HS=humongous(starts), HC=humongous(continues), CS=collection set, F=free, TAMS=top-at-mark-start, PB=parsable bottom
|   0|0x0000000080000000, 0x0000000080100000, 0x0000000080100000|100%|HS|  |TAMS 0x0000000080100000| PB 0x0000000080000000| Complete 
|   1|0x0000000080100000, 0x0000000080200000, 0x0000000080200000|100%|HC|  |TAMS 0x0000000080200000| PB 0x0000000080100000| Complete 
|   2|0x0000000080200000, 0x0000000080300000, 0x0000000080300000|100%|HC|  |TAMS 0x0000000080300000| PB 0x0000000080200000| Complete 
|   3|0x0000000080300000, 0x0000000080400000, 0x0000000080400000|100%| O|  |TAMS 0x0000000080400000| PB 0x0000000080400000| Untracked 
|   4|0x0000000080400000, 0x0000000080500000, 0x0000000080500000|100%| O|  |TAMS 0x0000000080500000| PB 0x0000000080500000| Untracked 
|   5|0x0000000080500000, 0x0000000080600000, 0x0000000080600000|100%| O|  |TAMS 0x0000000080600000| PB 0x0000000080600000| Untracked 
|   6|0x0000000080600000, 0x0000000080700000, 0x0000000080700000|100%|HS|  |TAMS 0x0000000080700000| PB 0x0000000080600000| Complete 
|   7|0x0000000080700000, 0x0000000080800000, 0x0000000080800000|100%| O|  |TAMS 0x0000000080800000| PB 0x0000000080800000| Untracked 
|   8|0x0000000080800000, 0x0000000080900000, 0x0000000080900000|100%| O|  |TAMS 0x0000000080900000| PB 0x0000000080900000| Updating 
|   9|0x0000000080900000, 0x0000000080a00000, 0x0000000080a00000|100%| O|  |TAMS 0x0000000080a00000| PB 0x0000000080a00000| Untracked 
|  10|0x0000000080a00000, 0x0000000080b00000, 0x0000000080b00000|100%| O|  |TAMS 0x0000000080b00000| PB 0x0000000080b00000| Untracked 
|  11|0x0000000080b00000, 0x0000000080c00000, 0x0000000080c00000|100%| O|  |TAMS 0x0000000080c00000| PB 0x0000000080c00000| Untracked 
|  12|0x0000000080c00000, 0x0000000080d00000, 0x0000000080d00000|100%| O|  |TAMS 0x0000000080d00000| PB 0x0000000080d00000| Untracked 
|  13|0x0000000080d00000, 0x0000000080e00000, 0x0000000080e00000|100%| O|  |TAMS 0x0000000080e00000| PB 0x0000000080e00000| Untracked 
|  14|0x0000000080e00000, 0x0000000080f00000, 0x0000000080f00000|100%| O|  |TAMS 0x0000000080f00000| PB 0x0000000080f00000| Untracked 
|  15|0x0000000080f00000, 0x0000000081000000, 0x0000000081000000|100%| O|  |TAMS 0x0000000081000000| PB 0x0000000081000000| Untracked 
|  16|0x0000000081000000, 0x0000000081100000, 0x0000000081100000|100%| O|  |TAMS 0x0000000081100000| PB 0x0000000081100000| Untracked 
|  17|0x0000000081100000, 0x0000000081200000, 0x0000000081200000|100%| O|  |TAMS 0x0000000081200000| PB 0x0000000081200000| Untracked 
|  18|0x0000000081200000, 0x0000000081300000, 0x0000000081300000|100%| O|  |TAMS 0x0000000081300000| PB 0x0000000081300000| Untracked 
|  19|0x0000000081300000, 0x0000000081400000, 0x0000000081400000|100%| O|  |TAMS 0x0000000081400000| PB 0x0000000081400000| Untracked 
|  20|0x0000000081400000, 0x0000000081500000, 0x0000000081500000|100%| O|  |TAMS 0x0000000081500000| PB 0x0000000081500000| Untracked 
|  21|0x0000000081500000, 0x0000000081600000, 0x0000000081600000|100%| O|  |TAMS 0x0000000081600000| PB 0x0000000081600000| Untracked 
|  22|0x0000000081600000, 0x0000000081700000, 0x0000000081700000|100%| O|  |TAMS 0x0000000081700000| PB 0x0000000081700000| Untracked 
|  23|0x0000000081700000, 0x0000000081800000, 0x0000000081800000|100%| O|  |TAMS 0x0000000081800000| PB 0x0000000081800000| Updating 
|  24|0x0000000081800000, 0x0000000081900000, 0x0000000081900000|100%| O|  |TAMS 0x0000000081900000| PB 0x0000000081900000| Untracked 
|  25|0x0000000081900000, 0x0000000081a00000, 0x0000000081a00000|100%| O|  |TAMS 0x0000000081a00000| PB 0x0000000081a00000| Untracked 
|  26|0x0000000081a00000, 0x0000000081b00000, 0x0000000081b00000|100%| O|  |TAMS 0x0000000081b00000| PB 0x0000000081b00000| Updating 
|  27|0x0000000081b00000, 0x0000000081c00000, 0x0000000081c00000|100%| O|  |TAMS 0x0000000081c00000| PB 0x0000000081c00000| Untracked 
|  28|0x0000000081c00000, 0x0000000081d00000, 0x0000000081d00000|100%| O|  |TAMS 0x0000000081d00000| PB 0x0000000081d00000| Updating 
|  29|0x0000000081d00000, 0x0000000081e00000, 0x0000000081e00000|100%| O|  |TAMS 0x0000000081e00000| PB 0x0000000081e00000| Untracked 
|  30|0x0000000081e00000, 0x0000000081f00000, 0x0000000081f00000|100%| O|  |TAMS 0x0000000081f00000| PB 0x0000000081f00000| Untracked 
|  31|0x0000000081f00000, 0x0000000082000000, 0x0000000082000000|100%| O|  |TAMS 0x0000000082000000| PB 0x0000000082000000| Untracked 
|  32|0x0000000082000000, 0x0000000082100000, 0x0000000082100000|100%| O|  |TAMS 0x0000000082100000| PB 0x0000000082100000| Updating 
|  33|0x0000000082100000, 0x0000000082200000, 0x0000000082200000|100%| O|  |TAMS 0x0000000082200000| PB 0x0000000082200000| Untracked 
|  34|0x0000000082200000, 0x0000000082300000, 0x0000000082300000|100%| O|  |TAMS 0x0000000082300000| PB 0x0000000082300000| Untracked 
|  35|0x0000000082300000, 0x0000000082400000, 0x0000000082400000|100%| O|  |TAMS 0x0000000082400000| PB 0x0000000082400000| Updating 
|  36|0x0000000082400000, 0x0000000082500000, 0x0000000082500000|100%| O|  |TAMS 0x0000000082500000| PB 0x0000000082500000| Updating 
|  37|0x0000000082500000, 0x0000000082600000, 0x0000000082600000|100%| O|  |TAMS 0x0000000082600000| PB 0x0000000082600000| Untracked 
|  38|0x0000000082600000, 0x0000000082700000, 0x0000000082700000|100%| O|  |TAMS 0x0000000082700000| PB 0x0000000082700000| Updating 
|  39|0x0000000082700000, 0x0000000082800000, 0x0000000082800000|100%| O|  |TAMS 0x0000000082800000| PB 0x0000000082800000| Updating 
|  40|0x0000000082800000, 0x0000000082900000, 0x0000000082900000|100%| O|  |TAMS 0x0000000082900000| PB 0x0000000082900000| Updating 
|  41|0x0000000082900000, 0x0000000082a00000, 0x0000000082a00000|100%| O|  |TAMS 0x0000000082a00000| PB 0x0000000082a00000| Updating 
|  42|0x0000000082a00000, 0x0000000082b00000, 0x0000000082b00000|100%| O|  |TAMS 0x0000000082b00000| PB 0x0000000082b00000| Untracked 
|  43|0x0000000082b00000, 0x0000000082c00000, 0x0000000082c00000|100%| O|  |TAMS 0x0000000082c00000| PB 0x0000000082c00000| Untracked 
|  44|0x0000000082c00000, 0x0000000082d00000, 0x0000000082d00000|100%| O|  |TAMS 0x0000000082d00000| PB 0x0000000082d00000| Updating 
|  45|0x0000000082d00000, 0x0000000082e00000, 0x0000000082e00000|100%| O|  |TAMS 0x0000000082e00000| PB 0x0000000082e00000| Untracked 
|  46|0x0000000082e00000, 0x0000000082f00000, 0x0000000082f00000|100%| O|  |TAMS 0x0000000082f00000| PB 0x0000000082f00000| Updating 
|  47|0x0000000082f00000, 0x0000000083000000, 0x0000000083000000|100%| O|  |TAMS 0x0000000083000000| PB 0x0000000083000000| Updating 
|  48|0x0000000083000000, 0x0000000083100000, 0x0000000083100000|100%| O|  |TAMS 0x0000000083100000| PB 0x0000000083100000| Updating 
|  49|0x0000000083100000, 0x0000000083200000, 0x0000000083200000|100%| O|  |TAMS 0x0000000083200000| PB 0x0000000083200000| Untracked 
|  50|0x0000000083200000, 0x0000000083300000, 0x0000000083300000|100%| O|  |TAMS 0x0000000083300000| PB 0x0000000083300000| Updating 
|  51|0x0000000083300000, 0x0000000083400000, 0x0000000083400000|100%|HS|  |TAMS 0x0000000083400000| PB 0x0000000083300000| Complete 
|  52|0x0000000083400000, 0x0000000083500000, 0x0000000083500000|100%|HC|  |TAMS 0x0000000083500000| PB 0x0000000083400000| Complete 
|  53|0x0000000083500000, 0x0000000083600000, 0x0000000083600000|100%|HC|  |TAMS 0x0000000083600000| PB 0x0000000083500000| Complete 
|  54|0x0000000083600000, 0x0000000083700000, 0x0000000083700000|100%|HS|  |TAMS 0x0000000083700000| PB 0x0000000083600000| Complete 
|  55|0x0000000083700000, 0x0000000083800000, 0x0000000083800000|100%|HC|  |TAMS 0x0000000083800000| PB 0x0000000083700000| Complete 
|  56|0x0000000083800000, 0x0000000083900000, 0x0000000083900000|100%|HC|  |TAMS 0x0000000083900000| PB 0x0000000083800000| Complete 
|  57|0x0000000083900000, 0x0000000083a00000, 0x0000000083a00000|100%| O|  |TAMS 0x0000000083a00000| PB 0x0000000083a00000| Untracked 
|  58|0x0000000083a00000, 0x0000000083b00000, 0x0000000083b00000|100%| O|  |TAMS 0x0000000083b00000| PB 0x0000000083b00000| Updating 
|  59|0x0000000083b00000, 0x0000000083c00000, 0x0000000083c00000|100%| O|  |TAMS 0x0000000083c00000| PB 0x0000000083c00000| Untracked 
|  60|0x0000000083c00000, 0x0000000083d00000, 0x0000000083d00000|100%| O|  |TAMS 0x0000000083d00000| PB 0x0000000083d00000| Updating 
|  61|0x0000000083d00000, 0x0000000083e00000, 0x0000000083e00000|100%| O|  |TAMS 0x0000000083e00000| PB 0x0000000083e00000| Untracked 
|  62|0x0000000083e00000, 0x0000000083f00000, 0x0000000083f00000|100%|HS|  |TAMS 0x0000000083f00000| PB 0x0000000083e00000| Complete 
|  63|0x0000000083f00000, 0x0000000084000000, 0x0000000084000000|100%| O|  |TAMS 0x0000000084000000| PB 0x0000000084000000| Updating 
|  64|0x0000000084000000, 0x0000000084100000, 0x0000000084100000|100%| O|  |TAMS 0x0000000084100000| PB 0x0000000084100000| Untracked 
|  65|0x0000000084100000, 0x0000000084200000, 0x0000000084200000|100%| O|  |TAMS 0x0000000084200000| PB 0x0000000084200000| Untracked 
|  66|0x0000000084200000, 0x0000000084300000, 0x0000000084300000|100%| O|  |TAMS 0x0000000084300000| PB 0x0000000084300000| Untracked 
|  67|0x0000000084300000, 0x0000000084400000, 0x0000000084400000|100%| O|  |TAMS 0x0000000084400000| PB 0x0000000084400000| Untracked 
|  68|0x0000000084400000, 0x0000000084500000, 0x0000000084500000|100%| O|  |TAMS 0x0000000084500000| PB 0x0000000084500000| Updating 
|  69|0x0000000084500000, 0x0000000084600000, 0x0000000084600000|100%| O|  |TAMS 0x0000000084600000| PB 0x0000000084600000| Updating 
|  70|0x0000000084600000, 0x0000000084700000, 0x0000000084700000|100%| O|  |TAMS 0x0000000084700000| PB 0x0000000084700000| Untracked 
|  71|0x0000000084700000, 0x0000000084800000, 0x0000000084800000|100%|HS|  |TAMS 0x0000000084800000| PB 0x0000000084700000| Complete 
|  72|0x0000000084800000, 0x0000000084900000, 0x0000000084900000|100%|HS|  |TAMS 0x0000000084900000| PB 0x0000000084800000| Complete 
|  73|0x0000000084900000, 0x0000000084a00000, 0x0000000084a00000|100%|HS|  |TAMS 0x0000000084a00000| PB 0x0000000084900000| Complete 
|  74|0x0000000084a00000, 0x0000000084b00000, 0x0000000084b00000|100%| O|  |TAMS 0x0000000084b00000| PB 0x0000000084b00000| Untracked 
|  75|0x0000000084b00000, 0x0000000084c00000, 0x0000000084c00000|100%| O|  |TAMS 0x0000000084c00000| PB 0x0000000084c00000| Updating 
|  76|0x0000000084c00000, 0x0000000084d00000, 0x0000000084d00000|100%| O|  |TAMS 0x0000000084d00000| PB 0x0000000084d00000| Updating 
|  77|0x0000000084d00000, 0x0000000084e00000, 0x0000000084e00000|100%| O|  |TAMS 0x0000000084e00000| PB 0x0000000084e00000| Untracked 
|  78|0x0000000084e00000, 0x0000000084f00000, 0x0000000084f00000|100%| O|  |TAMS 0x0000000084f00000| PB 0x0000000084f00000| Untracked 
|  79|0x0000000084f00000, 0x0000000085000000, 0x0000000085000000|100%| O|  |TAMS 0x0000000085000000| PB 0x0000000085000000| Updating 
|  80|0x0000000085000000, 0x0000000085100000, 0x0000000085100000|100%| O|  |TAMS 0x0000000085100000| PB 0x0000000085100000| Untracked 
|  81|0x0000000085100000, 0x0000000085200000, 0x0000000085200000|100%| O|  |TAMS 0x0000000085200000| PB 0x0000000085200000| Untracked 
|  82|0x0000000085200000, 0x0000000085300000, 0x0000000085300000|100%| O|  |TAMS 0x0000000085300000| PB 0x0000000085300000| Updating 
|  83|0x0000000085300000, 0x0000000085400000, 0x0000000085400000|100%| O|  |TAMS 0x0000000085400000| PB 0x0000000085400000| Untracked 
|  84|0x0000000085400000, 0x0000000085500000, 0x0000000085500000|100%| O|  |TAMS 0x0000000085500000| PB 0x0000000085500000| Updating 
|  85|0x0000000085500000, 0x0000000085600000, 0x0000000085600000|100%| O|  |TAMS 0x0000000085600000| PB 0x0000000085600000| Updating 
|  86|0x0000000085600000, 0x0000000085700000, 0x0000000085700000|100%| O|  |TAMS 0x0000000085700000| PB 0x0000000085700000| Untracked 
|  87|0x0000000085700000, 0x0000000085800000, 0x0000000085800000|100%|HS|  |TAMS 0x0000000085800000| PB 0x0000000085700000| Complete 
|  88|0x0000000085800000, 0x0000000085900000, 0x0000000085900000|100%| O|  |TAMS 0x0000000085900000| PB 0x0000000085900000| Untracked 
|  89|0x0000000085900000, 0x0000000085a00000, 0x0000000085a00000|100%|HS|  |TAMS 0x0000000085a00000| PB 0x0000000085900000| Complete 
|  90|0x0000000085a00000, 0x0000000085b00000, 0x0000000085b00000|100%| O|  |TAMS 0x0000000085b00000| PB 0x0000000085b00000| Updating 
|  91|0x0000000085b00000, 0x0000000085c00000, 0x0000000085c00000|100%|HS|  |TAMS 0x0000000085c00000| PB 0x0000000085b00000| Complete 
|  92|0x0000000085c00000, 0x0000000085d00000, 0x0000000085d00000|100%|HC|  |TAMS 0x0000000085d00000| PB 0x0000000085c00000| Complete 
|  93|0x0000000085d00000, 0x0000000085e00000, 0x0000000085e00000|100%|HC|  |TAMS 0x0000000085e00000| PB 0x0000000085d00000| Complete 
|  94|0x0000000085e00000, 0x0000000085f00000, 0x0000000085f00000|100%| O|  |TAMS 0x0000000085f00000| PB 0x0000000085f00000| Untracked 
|  95|0x0000000085f00000, 0x0000000086000000, 0x0000000086000000|100%| O|  |TAMS 0x0000000086000000| PB 0x0000000086000000| Untracked 
|  96|0x0000000086000000, 0x0000000086100000, 0x0000000086100000|100%| O|  |TAMS 0x0000000086100000| PB 0x0000000086100000| Updating 
|  97|0x0000000086100000, 0x0000000086200000, 0x0000000086200000|100%| O|  |TAMS 0x0000000086200000| PB 0x0000000086200000| Updating 
|  98|0x0000000086200000, 0x0000000086300000, 0x0000000086300000|100%| O|  |TAMS 0x0000000086300000| PB 0x0000000086300000| Untracked 
|  99|0x0000000086300000, 0x0000000086400000, 0x0000000086400000|100%| O|  |TAMS 0x0000000086400000| PB 0x0000000086400000| Untracked 
| 100|0x0000000086400000, 0x0000000086500000, 0x0000000086500000|100%| O|  |TAMS 0x0000000086500000| PB 0x0000000086500000| Untracked 
| 101|0x0000000086500000, 0x0000000086600000, 0x0000000086600000|100%|HS|  |TAMS 0x0000000086600000| PB 0x0000000086500000| Complete 
| 102|0x0000000086600000, 0x0000000086700000, 0x0000000086700000|100%| O|  |TAMS 0x0000000086700000| PB 0x0000000086700000| Untracked 
| 103|0x0000000086700000, 0x0000000086800000, 0x0000000086800000|100%| O|  |TAMS 0x0000000086800000| PB 0x0000000086800000| Updating 
| 104|0x0000000086800000, 0x0000000086900000, 0x0000000086900000|100%| O|  |TAMS 0x0000000086900000| PB 0x0000000086900000| Untracked 
| 105|0x0000000086900000, 0x0000000086a00000, 0x0000000086a00000|100%| O|  |TAMS 0x0000000086a00000| PB 0x0000000086a00000| Untracked 
| 106|0x0000000086a00000, 0x0000000086b00000, 0x0000000086b00000|100%| O|  |TAMS 0x0000000086b00000| PB 0x0000000086b00000| Untracked 
| 107|0x0000000086b00000, 0x0000000086c00000, 0x0000000086c00000|100%| O|  |TAMS 0x0000000086c00000| PB 0x0000000086c00000| Untracked 
| 108|0x0000000086c00000, 0x0000000086d00000, 0x0000000086d00000|100%| O|  |TAMS 0x0000000086d00000| PB 0x0000000086d00000| Updating 
| 109|0x0000000086d00000, 0x0000000086e00000, 0x0000000086e00000|100%| O|  |TAMS 0x0000000086e00000| PB 0x0000000086e00000| Untracked 
| 110|0x0000000086e00000, 0x0000000086f00000, 0x0000000086f00000|100%| O|  |TAMS 0x0000000086f00000| PB 0x0000000086f00000| Untracked 
| 111|0x0000000086f00000, 0x0000000087000000, 0x0000000087000000|100%| O|  |TAMS 0x0000000087000000| PB 0x0000000087000000| Untracked 
| 112|0x0000000087000000, 0x0000000087100000, 0x0000000087100000|100%| O|  |TAMS 0x0000000087100000| PB 0x0000000087100000| Updating 
| 113|0x0000000087100000, 0x0000000087200000, 0x0000000087200000|100%| O|  |TAMS 0x0000000087200000| PB 0x0000000087200000| Untracked 
| 114|0x0000000087200000, 0x0000000087300000, 0x0000000087300000|100%| O|  |TAMS 0x0000000087300000| PB 0x0000000087300000| Untracked 
| 115|0x0000000087300000, 0x0000000087400000, 0x0000000087400000|100%| O|  |TAMS 0x0000000087400000| PB 0x0000000087400000| Untracked 
| 116|0x0000000087400000, 0x0000000087500000, 0x0000000087500000|100%| O|  |TAMS 0x0000000087500000| PB 0x0000000087500000| Updating 
| 117|0x0000000087500000, 0x0000000087600000, 0x0000000087600000|100%| O|  |TAMS 0x0000000087600000| PB 0x0000000087600000| Untracked 
| 118|0x0000000087600000, 0x0000000087700000, 0x0000000087700000|100%| O|  |TAMS 0x0000000087700000| PB 0x0000000087700000| Untracked 
| 119|0x0000000087700000, 0x0000000087800000, 0x0000000087800000|100%| O|  |TAMS 0x0000000087800000| PB 0x0000000087800000| Untracked 
| 120|0x0000000087800000, 0x0000000087900000, 0x0000000087900000|100%| O|  |TAMS 0x0000000087900000| PB 0x0000000087900000| Untracked 
| 121|0x0000000087900000, 0x0000000087a00000, 0x0000000087a00000|100%| O|  |TAMS 0x0000000087a00000| PB 0x0000000087a00000| Untracked 
| 122|0x0000000087a00000, 0x0000000087b00000, 0x0000000087b00000|100%| O|  |TAMS 0x0000000087b00000| PB 0x0000000087b00000| Untracked 
| 123|0x0000000087b00000, 0x0000000087c00000, 0x0000000087c00000|100%| O|  |TAMS 0x0000000087c00000| PB 0x0000000087c00000| Untracked 
| 124|0x0000000087c00000, 0x0000000087d00000, 0x0000000087d00000|100%| O|  |TAMS 0x0000000087d00000| PB 0x0000000087d00000| Updating 
| 125|0x0000000087d00000, 0x0000000087e00000, 0x0000000087e00000|100%| O|  |TAMS 0x0000000087e00000| PB 0x0000000087e00000| Untracked 
| 126|0x0000000087e00000, 0x0000000087f00000, 0x0000000087f00000|100%|HS|  |TAMS 0x0000000087f00000| PB 0x0000000087e00000| Complete 
| 127|0x0000000087f00000, 0x0000000088000000, 0x0000000088000000|100%|HC|  |TAMS 0x0000000088000000| PB 0x0000000087f00000| Complete 
| 128|0x0000000088000000, 0x0000000088100000, 0x0000000088100000|100%| O|  |TAMS 0x0000000088100000| PB 0x0000000088100000| Untracked 
| 129|0x0000000088100000, 0x0000000088200000, 0x0000000088200000|100%| O|  |TAMS 0x0000000088100000| PB 0x0000000088100000| Untracked 
| 130|0x0000000088200000, 0x0000000088300000, 0x0000000088300000|100%| O|  |TAMS 0x0000000088300000| PB 0x0000000088300000| Untracked 
| 131|0x0000000088300000, 0x0000000088400000, 0x0000000088400000|100%| O|  |TAMS 0x0000000088400000| PB 0x0000000088400000| Updating 
| 132|0x0000000088400000, 0x0000000088500000, 0x0000000088500000|100%| O|  |TAMS 0x0000000088500000| PB 0x0000000088500000| Untracked 
| 133|0x0000000088500000, 0x0000000088600000, 0x0000000088600000|100%| O|  |TAMS 0x0000000088600000| PB 0x0000000088600000| Untracked 
| 134|0x0000000088600000, 0x0000000088700000, 0x0000000088700000|100%| O|  |TAMS 0x0000000088700000| PB 0x0000000088700000| Untracked 
| 135|0x0000000088700000, 0x0000000088800000, 0x0000000088800000|100%| O|  |TAMS 0x0000000088800000| PB 0x0000000088800000| Untracked 
| 136|0x0000000088800000, 0x0000000088900000, 0x0000000088900000|100%| O|  |TAMS 0x0000000088900000| PB 0x0000000088900000| Updating 
| 137|0x0000000088900000, 0x0000000088a00000, 0x0000000088a00000|100%| O|  |TAMS 0x0000000088a00000| PB 0x0000000088a00000| Untracked 
| 138|0x0000000088a00000, 0x0000000088b00000, 0x0000000088b00000|100%| O|  |TAMS 0x0000000088b00000| PB 0x0000000088b00000| Untracked 
| 139|0x0000000088b00000, 0x0000000088c00000, 0x0000000088c00000|100%| O|  |TAMS 0x0000000088c00000| PB 0x0000000088c00000| Untracked 
| 140|0x0000000088c00000, 0x0000000088d00000, 0x0000000088d00000|100%|HS|  |TAMS 0x0000000088d00000| PB 0x0000000088c00000| Complete 
| 141|0x0000000088d00000, 0x0000000088e00000, 0x0000000088e00000|100%|HS|  |TAMS 0x0000000088e00000| PB 0x0000000088d00000| Complete 
| 142|0x0000000088e00000, 0x0000000088f00000, 0x0000000088f00000|100%|HS|  |TAMS 0x0000000088f00000| PB 0x0000000088e00000| Complete 
| 143|0x0000000088f00000, 0x0000000089000000, 0x0000000089000000|100%| O|  |TAMS 0x0000000089000000| PB 0x0000000089000000| Untracked 
| 144|0x0000000089000000, 0x0000000089100000, 0x0000000089100000|100%| O|  |TAMS 0x0000000089100000| PB 0x0000000089100000| Untracked 
| 145|0x0000000089100000, 0x0000000089200000, 0x0000000089200000|100%| O|  |TAMS 0x0000000089200000| PB 0x0000000089200000| Updating 
| 146|0x0000000089200000, 0x0000000089300000, 0x0000000089300000|100%| O|  |TAMS 0x0000000089300000| PB 0x0000000089300000| Untracked 
| 147|0x0000000089300000, 0x0000000089400000, 0x0000000089400000|100%| O|  |TAMS 0x0000000089400000| PB 0x0000000089400000| Untracked 
| 148|0x0000000089400000, 0x0000000089500000, 0x0000000089500000|100%| O|  |TAMS 0x0000000089500000| PB 0x0000000089500000| Untracked 
| 149|0x0000000089500000, 0x0000000089600000, 0x0000000089600000|100%| O|  |TAMS 0x0000000089600000| PB 0x0000000089600000| Untracked 
| 150|0x0000000089600000, 0x0000000089700000, 0x0000000089700000|100%| O|  |TAMS 0x0000000089700000| PB 0x0000000089700000| Untracked 
| 151|0x0000000089700000, 0x0000000089800000, 0x0000000089800000|100%| O|  |TAMS 0x0000000089800000| PB 0x0000000089800000| Untracked 
| 152|0x0000000089800000, 0x0000000089900000, 0x0000000089900000|100%| O|  |TAMS 0x0000000089800000| PB 0x0000000089800000| Untracked 
| 153|0x0000000089900000, 0x0000000089a00000, 0x0000000089a00000|100%| O|  |TAMS 0x0000000089900000| PB 0x0000000089900000| Untracked 
| 154|0x0000000089a00000, 0x0000000089b00000, 0x0000000089b00000|100%|HS|  |TAMS 0x0000000089b00000| PB 0x0000000089a00000| Complete 
| 155|0x0000000089b00000, 0x0000000089c00000, 0x0000000089c00000|100%| O|  |TAMS 0x0000000089c00000| PB 0x0000000089c00000| Untracked 
| 156|0x0000000089c00000, 0x0000000089d00000, 0x0000000089d00000|100%| O|  |TAMS 0x0000000089d00000| PB 0x0000000089d00000| Untracked 
| 157|0x0000000089d00000, 0x0000000089e00000, 0x0000000089e00000|100%| O|  |TAMS 0x0000000089e00000| PB 0x0000000089e00000| Untracked 
| 158|0x0000000089e00000, 0x0000000089f00000, 0x0000000089f00000|100%| O|  |TAMS 0x0000000089f00000| PB 0x0000000089f00000| Untracked 
| 159|0x0000000089f00000, 0x000000008a000000, 0x000000008a000000|100%|HS|  |TAMS 0x000000008a000000| PB 0x0000000089f00000| Complete 
| 160|0x000000008a000000, 0x000000008a100000, 0x000000008a100000|100%|HS|  |TAMS 0x000000008a100000| PB 0x000000008a000000| Complete 
| 161|0x000000008a100000, 0x000000008a200000, 0x000000008a200000|100%|HC|  |TAMS 0x000000008a200000| PB 0x000000008a100000| Complete 
| 162|0x000000008a200000, 0x000000008a300000, 0x000000008a300000|100%| O|  |TAMS 0x000000008a300000| PB 0x000000008a300000| Untracked 
| 163|0x000000008a300000, 0x000000008a400000, 0x000000008a400000|100%| O|  |TAMS 0x000000008a400000| PB 0x000000008a400000| Updating 
| 164|0x000000008a400000, 0x000000008a500000, 0x000000008a500000|100%| O|  |TAMS 0x000000008a400000| PB 0x000000008a400000| Untracked 
| 165|0x000000008a500000, 0x000000008a600000, 0x000000008a600000|100%|HS|  |TAMS 0x000000008a600000| PB 0x000000008a500000| Complete 
| 166|0x000000008a600000, 0x000000008a700000, 0x000000008a700000|100%| O|  |TAMS 0x000000008a700000| PB 0x000000008a700000| Untracked 
| 167|0x000000008a700000, 0x000000008a800000, 0x000000008a800000|100%| O|  |TAMS 0x000000008a800000| PB 0x000000008a800000| Updating 
| 168|0x000000008a800000, 0x000000008a900000, 0x000000008a900000|100%|HS|  |TAMS 0x000000008a900000| PB 0x000000008a800000| Complete 
| 169|0x000000008a900000, 0x000000008aa00000, 0x000000008aa00000|100%|HC|  |TAMS 0x000000008aa00000| PB 0x000000008a900000| Complete 
| 170|0x000000008aa00000, 0x000000008ab00000, 0x000000008ab00000|100%|HS|  |TAMS 0x000000008ab00000| PB 0x000000008aa00000| Complete 
| 171|0x000000008ab00000, 0x000000008ac00000, 0x000000008ac00000|100%|HS|  |TAMS 0x000000008ac00000| PB 0x000000008ab00000| Complete 
| 172|0x000000008ac00000, 0x000000008ad00000, 0x000000008ad00000|100%| O|  |TAMS 0x000000008ad00000| PB 0x000000008ad00000| Untracked 
| 173|0x000000008ad00000, 0x000000008ae00000, 0x000000008ae00000|100%| O|  |TAMS 0x000000008ae00000| PB 0x000000008ae00000| Untracked 
| 174|0x000000008ae00000, 0x000000008af00000, 0x000000008af00000|100%| O|  |TAMS 0x000000008af00000| PB 0x000000008af00000| Untracked 
| 175|0x000000008af00000, 0x000000008b000000, 0x000000008b000000|100%| O|  |TAMS 0x000000008b000000| PB 0x000000008b000000| Untracked 
| 176|0x000000008b000000, 0x000000008b100000, 0x000000008b100000|100%| O|  |TAMS 0x000000008b100000| PB 0x000000008b100000| Updating 
| 177|0x000000008b100000, 0x000000008b200000, 0x000000008b200000|100%| O|  |TAMS 0x000000008b200000| PB 0x000000008b200000| Untracked 
| 178|0x000000008b200000, 0x000000008b300000, 0x000000008b300000|100%| O|  |TAMS 0x000000008b300000| PB 0x000000008b300000| Untracked 
| 179|0x000000008b300000, 0x000000008b400000, 0x000000008b400000|100%| O|  |TAMS 0x000000008b400000| PB 0x000000008b400000| Updating 
| 180|0x000000008b400000, 0x000000008b500000, 0x000000008b500000|100%| O|  |TAMS 0x000000008b400000| PB 0x000000008b400000| Untracked 
| 181|0x000000008b500000, 0x000000008b600000, 0x000000008b600000|100%| O|  |TAMS 0x000000008b600000| PB 0x000000008b600000| Untracked 
| 182|0x000000008b600000, 0x000000008b700000, 0x000000008b700000|100%| O|  |TAMS 0x000000008b700000| PB 0x000000008b700000| Untracked 
| 183|0x000000008b700000, 0x000000008b800000, 0x000000008b800000|100%| O|  |TAMS 0x000000008b800000| PB 0x000000008b800000| Untracked 
| 184|0x000000008b800000, 0x000000008b900000, 0x000000008b900000|100%| O|  |TAMS 0x000000008b900000| PB 0x000000008b900000| Untracked 
| 185|0x000000008b900000, 0x000000008ba00000, 0x000000008ba00000|100%| O|  |TAMS 0x000000008ba00000| PB 0x000000008ba00000| Untracked 
| 186|0x000000008ba00000, 0x000000008bb00000, 0x000000008bb00000|100%| O|  |TAMS 0x000000008bb00000| PB 0x000000008bb00000| Untracked 
| 187|0x000000008bb00000, 0x000000008bc00000, 0x000000008bc00000|100%| O|  |TAMS 0x000000008bc00000| PB 0x000000008bc00000| Untracked 
| 188|0x000000008bc00000, 0x000000008bd00000, 0x000000008bd00000|100%| O|  |TAMS 0x000000008bd00000| PB 0x000000008bd00000| Updating 
| 189|0x000000008bd00000, 0x000000008be00000, 0x000000008be00000|100%|HS|  |TAMS 0x000000008be00000| PB 0x000000008bd00000| Complete 
| 190|0x000000008be00000, 0x000000008bf00000, 0x000000008bf00000|100%|HS|  |TAMS 0x000000008bf00000| PB 0x000000008be00000| Complete 
| 191|0x000000008bf00000, 0x000000008c000000, 0x000000008c000000|100%| O|  |TAMS 0x000000008c000000| PB 0x000000008c000000| Untracked 
| 192|0x000000008c000000, 0x000000008c100000, 0x000000008c100000|100%| O|  |TAMS 0x000000008c100000| PB 0x000000008c100000| Untracked 
| 193|0x000000008c100000, 0x000000008c200000, 0x000000008c200000|100%| O|  |TAMS 0x000000008c200000| PB 0x000000008c200000| Untracked 
| 194|0x000000008c200000, 0x000000008c300000, 0x000000008c300000|100%| O|  |TAMS 0x000000008c300000| PB 0x000000008c300000| Untracked 
| 195|0x000000008c300000, 0x000000008c400000, 0x000000008c400000|100%| O|  |TAMS 0x000000008c400000| PB 0x000000008c400000| Updating 
| 196|0x000000008c400000, 0x000000008c500000, 0x000000008c500000|100%| O|  |TAMS 0x000000008c500000| PB 0x000000008c500000| Untracked 
| 197|0x000000008c500000, 0x000000008c600000, 0x000000008c600000|100%| O|  |TAMS 0x000000008c500000| PB 0x000000008c500000| Untracked 
| 198|0x000000008c600000, 0x000000008c700000, 0x000000008c700000|100%| O|  |TAMS 0x000000008c700000| PB 0x000000008c700000| Untracked 
| 199|0x000000008c700000, 0x000000008c800000, 0x000000008c800000|100%| O|  |TAMS 0x000000008c800000| PB 0x000000008c800000| Untracked 
| 200|0x000000008c800000, 0x000000008c900000, 0x000000008c900000|100%| O|  |TAMS 0x000000008c900000| PB 0x000000008c900000| Untracked 
| 201|0x000000008c900000, 0x000000008ca00000, 0x000000008ca00000|100%| O|  |TAMS 0x000000008ca00000| PB 0x000000008ca00000| Untracked 
| 202|0x000000008ca00000, 0x000000008cb00000, 0x000000008cb00000|100%| O|  |TAMS 0x000000008cb00000| PB 0x000000008cb00000| Untracked 
| 203|0x000000008cb00000, 0x000000008cc00000, 0x000000008cc00000|100%| O|  |TAMS 0x000000008cc00000| PB 0x000000008cc00000| Untracked 
| 204|0x000000008cc00000, 0x000000008cd00000, 0x000000008cd00000|100%| O|  |TAMS 0x000000008cce7608| PB 0x000000008cce7608| Updating 
| 205|0x000000008cd00000, 0x000000008ce00000, 0x000000008ce00000|100%| O|  |TAMS 0x000000008cd00000| PB 0x000000008cd00000| Untracked 
| 206|0x000000008ce00000, 0x000000008cf00000, 0x000000008cf00000|100%| O|  |TAMS 0x000000008ce00000| PB 0x000000008ce00000| Untracked 
| 207|0x000000008cf00000, 0x000000008d000000, 0x000000008d000000|100%| O|  |TAMS 0x000000008cf00000| PB 0x000000008cf00000| Untracked 
| 208|0x000000008d000000, 0x000000008d100000, 0x000000008d100000|100%| O|  |TAMS 0x000000008d000000| PB 0x000000008d000000| Untracked 
| 209|0x000000008d100000, 0x000000008d200000, 0x000000008d200000|100%| O|  |TAMS 0x000000008d100000| PB 0x000000008d100000| Untracked 
| 210|0x000000008d200000, 0x000000008d300000, 0x000000008d300000|100%| O|  |TAMS 0x000000008d200000| PB 0x000000008d200000| Untracked 
| 211|0x000000008d300000, 0x000000008d400000, 0x000000008d400000|100%| O|  |TAMS 0x000000008d300000| PB 0x000000008d300000| Untracked 
| 212|0x000000008d400000, 0x000000008d500000, 0x000000008d500000|100%| O|  |TAMS 0x000000008d400000| PB 0x000000008d400000| Untracked 
| 213|0x000000008d500000, 0x000000008d600000, 0x000000008d600000|100%| O|  |TAMS 0x000000008d500000| PB 0x000000008d500000| Untracked 
| 214|0x000000008d600000, 0x000000008d6ab780, 0x000000008d700000| 66%| O|  |TAMS 0x000000008d600000| PB 0x000000008d600000| Updating 
| 215|0x000000008d700000, 0x000000008d700000, 0x000000008d800000|  0%| F|  |TAMS 0x000000008d700000| PB 0x000000008d700000| Untracked 
| 216|0x000000008d800000, 0x000000008d800000, 0x000000008d900000|  0%| F|  |TAMS 0x000000008d800000| PB 0x000000008d800000| Untracked 
| 217|0x000000008d900000, 0x000000008d900000, 0x000000008da00000|  0%| F|  |TAMS 0x000000008d900000| PB 0x000000008d900000| Untracked 
| 218|0x000000008da00000, 0x000000008da00000, 0x000000008db00000|  0%| F|  |TAMS 0x000000008da00000| PB 0x000000008da00000| Untracked 
| 219|0x000000008db00000, 0x000000008db00000, 0x000000008dc00000|  0%| F|  |TAMS 0x000000008db00000| PB 0x000000008db00000| Untracked 
| 220|0x000000008dc00000, 0x000000008dc00000, 0x000000008dd00000|  0%| F|  |TAMS 0x000000008dc00000| PB 0x000000008dc00000| Untracked 
| 221|0x000000008dd00000, 0x000000008dd00000, 0x000000008de00000|  0%| F|  |TAMS 0x000000008dd00000| PB 0x000000008dd00000| Untracked 
| 222|0x000000008de00000, 0x000000008de00000, 0x000000008df00000|  0%| F|  |TAMS 0x000000008de00000| PB 0x000000008de00000| Untracked 
| 223|0x000000008df00000, 0x000000008df00000, 0x000000008e000000|  0%| F|  |TAMS 0x000000008df00000| PB 0x000000008df00000| Untracked 
| 224|0x000000008e000000, 0x000000008e000000, 0x000000008e100000|  0%| F|  |TAMS 0x000000008e000000| PB 0x000000008e000000| Untracked 
| 225|0x000000008e100000, 0x000000008e100000, 0x000000008e200000|  0%| F|  |TAMS 0x000000008e100000| PB 0x000000008e100000| Untracked 
| 226|0x000000008e200000, 0x000000008e200000, 0x000000008e300000|  0%| F|  |TAMS 0x000000008e200000| PB 0x000000008e200000| Untracked 
| 227|0x000000008e300000, 0x000000008e300000, 0x000000008e400000|  0%| F|  |TAMS 0x000000008e300000| PB 0x000000008e300000| Untracked 
| 228|0x000000008e400000, 0x000000008e400000, 0x000000008e500000|  0%| F|  |TAMS 0x000000008e400000| PB 0x000000008e400000| Untracked 
| 229|0x000000008e500000, 0x000000008e500000, 0x000000008e600000|  0%| F|  |TAMS 0x000000008e500000| PB 0x000000008e500000| Untracked 
| 230|0x000000008e600000, 0x000000008e600000, 0x000000008e700000|  0%| F|  |TAMS 0x000000008e600000| PB 0x000000008e600000| Untracked 
| 231|0x000000008e700000, 0x000000008e700000, 0x000000008e800000|  0%| F|  |TAMS 0x000000008e700000| PB 0x000000008e700000| Untracked 
| 232|0x000000008e800000, 0x000000008e800000, 0x000000008e900000|  0%| F|  |TAMS 0x000000008e800000| PB 0x000000008e800000| Untracked 
| 233|0x000000008e900000, 0x000000008e900000, 0x000000008ea00000|  0%| F|  |TAMS 0x000000008e900000| PB 0x000000008e900000| Untracked 
| 234|0x000000008ea00000, 0x000000008ea00000, 0x000000008eb00000|  0%| F|  |TAMS 0x000000008ea00000| PB 0x000000008ea00000| Untracked 
| 235|0x000000008eb00000, 0x000000008eb00000, 0x000000008ec00000|  0%| F|  |TAMS 0x000000008eb00000| PB 0x000000008eb00000| Untracked 
| 236|0x000000008ec00000, 0x000000008ec00000, 0x000000008ed00000|  0%| F|  |TAMS 0x000000008ec00000| PB 0x000000008ec00000| Untracked 
| 237|0x000000008ed00000, 0x000000008ed00000, 0x000000008ee00000|  0%| F|  |TAMS 0x000000008ed00000| PB 0x000000008ed00000| Untracked 
| 238|0x000000008ee00000, 0x000000008ee00000, 0x000000008ef00000|  0%| F|  |TAMS 0x000000008ee00000| PB 0x000000008ee00000| Untracked 
| 239|0x000000008ef00000, 0x000000008ef00000, 0x000000008f000000|  0%| F|  |TAMS 0x000000008ef00000| PB 0x000000008ef00000| Untracked 
| 240|0x000000008f000000, 0x000000008f000000, 0x000000008f100000|  0%| F|  |TAMS 0x000000008f000000| PB 0x000000008f000000| Untracked 
| 241|0x000000008f100000, 0x000000008f100000, 0x000000008f200000|  0%| F|  |TAMS 0x000000008f100000| PB 0x000000008f100000| Untracked 
| 242|0x000000008f200000, 0x000000008f200000, 0x000000008f300000|  0%| F|  |TAMS 0x000000008f200000| PB 0x000000008f200000| Untracked 
| 243|0x000000008f300000, 0x000000008f300000, 0x000000008f400000|  0%| F|  |TAMS 0x000000008f300000| PB 0x000000008f300000| Untracked 
| 244|0x000000008f400000, 0x000000008f400000, 0x000000008f500000|  0%| F|  |TAMS 0x000000008f400000| PB 0x000000008f400000| Untracked 
| 245|0x000000008f500000, 0x000000008f500000, 0x000000008f600000|  0%| F|  |TAMS 0x000000008f500000| PB 0x000000008f500000| Untracked 
| 246|0x000000008f600000, 0x000000008f600000, 0x000000008f700000|  0%| F|  |TAMS 0x000000008f600000| PB 0x000000008f600000| Untracked 
| 247|0x000000008f700000, 0x000000008f700000, 0x000000008f800000|  0%| F|  |TAMS 0x000000008f700000| PB 0x000000008f700000| Untracked 
| 248|0x000000008f800000, 0x000000008f800000, 0x000000008f900000|  0%| F|  |TAMS 0x000000008f800000| PB 0x000000008f800000| Untracked 
| 249|0x000000008f900000, 0x000000008f900000, 0x000000008fa00000|  0%| F|  |TAMS 0x000000008f900000| PB 0x000000008f900000| Untracked 
| 250|0x000000008fa00000, 0x000000008fa00000, 0x000000008fb00000|  0%| F|  |TAMS 0x000000008fa00000| PB 0x000000008fa00000| Untracked 
| 251|0x000000008fb00000, 0x000000008fb00000, 0x000000008fc00000|  0%| F|  |TAMS 0x000000008fb00000| PB 0x000000008fb00000| Untracked 
| 252|0x000000008fc00000, 0x000000008fc00000, 0x000000008fd00000|  0%| F|  |TAMS 0x000000008fc00000| PB 0x000000008fc00000| Untracked 
| 253|0x000000008fd00000, 0x000000008fd00000, 0x000000008fe00000|  0%| F|  |TAMS 0x000000008fd00000| PB 0x000000008fd00000| Untracked 
| 254|0x000000008fe00000, 0x000000008fe00000, 0x000000008ff00000|  0%| F|  |TAMS 0x000000008fe00000| PB 0x000000008fe00000| Untracked 
| 255|0x000000008ff00000, 0x000000008ff00000, 0x0000000090000000|  0%| F|  |TAMS 0x000000008ff00000| PB 0x000000008ff00000| Untracked 
| 256|0x0000000090000000, 0x0000000090000000, 0x0000000090100000|  0%| F|  |TAMS 0x0000000090000000| PB 0x0000000090000000| Untracked 
| 257|0x0000000090100000, 0x0000000090100000, 0x0000000090200000|  0%| F|  |TAMS 0x0000000090100000| PB 0x0000000090100000| Untracked 
| 258|0x0000000090200000, 0x0000000090200000, 0x0000000090300000|  0%| F|  |TAMS 0x0000000090200000| PB 0x0000000090200000| Untracked 
| 259|0x0000000090300000, 0x0000000090300000, 0x0000000090400000|  0%| F|  |TAMS 0x0000000090300000| PB 0x0000000090300000| Untracked 
| 260|0x0000000090400000, 0x0000000090400000, 0x0000000090500000|  0%| F|  |TAMS 0x0000000090400000| PB 0x0000000090400000| Untracked 
| 261|0x0000000090500000, 0x0000000090500000, 0x0000000090600000|  0%| F|  |TAMS 0x0000000090500000| PB 0x0000000090500000| Untracked 
| 262|0x0000000090600000, 0x0000000090600000, 0x0000000090700000|  0%| F|  |TAMS 0x0000000090600000| PB 0x0000000090600000| Untracked 
| 263|0x0000000090700000, 0x0000000090700000, 0x0000000090800000|  0%| F|  |TAMS 0x0000000090700000| PB 0x0000000090700000| Untracked 
| 264|0x0000000090800000, 0x0000000090800000, 0x0000000090900000|  0%| F|  |TAMS 0x0000000090800000| PB 0x0000000090800000| Untracked 
| 265|0x0000000090900000, 0x0000000090900000, 0x0000000090a00000|  0%| F|  |TAMS 0x0000000090900000| PB 0x0000000090900000| Untracked 
| 266|0x0000000090a00000, 0x0000000090a00000, 0x0000000090b00000|  0%| F|  |TAMS 0x0000000090a00000| PB 0x0000000090a00000| Untracked 
| 267|0x0000000090b00000, 0x0000000090b00000, 0x0000000090c00000|  0%| F|  |TAMS 0x0000000090b00000| PB 0x0000000090b00000| Untracked 
| 268|0x0000000090c00000, 0x0000000090c00000, 0x0000000090d00000|  0%| F|  |TAMS 0x0000000090c00000| PB 0x0000000090c00000| Untracked 
| 269|0x0000000090d00000, 0x0000000090d00000, 0x0000000090e00000|  0%| F|  |TAMS 0x0000000090d00000| PB 0x0000000090d00000| Untracked 
| 270|0x0000000090e00000, 0x0000000090e00000, 0x0000000090f00000|  0%| F|  |TAMS 0x0000000090e00000| PB 0x0000000090e00000| Untracked 
| 271|0x0000000090f00000, 0x0000000090f00000, 0x0000000091000000|  0%| F|  |TAMS 0x0000000090f00000| PB 0x0000000090f00000| Untracked 
| 272|0x0000000091000000, 0x0000000091000000, 0x0000000091100000|  0%| F|  |TAMS 0x0000000091000000| PB 0x0000000091000000| Untracked 
| 273|0x0000000091100000, 0x0000000091100000, 0x0000000091200000|  0%| F|  |TAMS 0x0000000091100000| PB 0x0000000091100000| Untracked 
| 274|0x0000000091200000, 0x0000000091200000, 0x0000000091300000|  0%| F|  |TAMS 0x0000000091200000| PB 0x0000000091200000| Untracked 
| 275|0x0000000091300000, 0x0000000091300000, 0x0000000091400000|  0%| F|  |TAMS 0x0000000091300000| PB 0x0000000091300000| Untracked 
| 276|0x0000000091400000, 0x0000000091400000, 0x0000000091500000|  0%| F|  |TAMS 0x0000000091400000| PB 0x0000000091400000| Untracked 
| 277|0x0000000091500000, 0x0000000091500000, 0x0000000091600000|  0%| F|  |TAMS 0x0000000091500000| PB 0x0000000091500000| Untracked 
| 278|0x0000000091600000, 0x0000000091600000, 0x0000000091700000|  0%| F|  |TAMS 0x0000000091600000| PB 0x0000000091600000| Untracked 
| 279|0x0000000091700000, 0x0000000091700000, 0x0000000091800000|  0%| F|  |TAMS 0x0000000091700000| PB 0x0000000091700000| Untracked 
| 280|0x0000000091800000, 0x0000000091800000, 0x0000000091900000|  0%| F|  |TAMS 0x0000000091800000| PB 0x0000000091800000| Untracked 
| 281|0x0000000091900000, 0x0000000091900000, 0x0000000091a00000|  0%| F|  |TAMS 0x0000000091900000| PB 0x0000000091900000| Untracked 
| 282|0x0000000091a00000, 0x0000000091a00000, 0x0000000091b00000|  0%| F|  |TAMS 0x0000000091a00000| PB 0x0000000091a00000| Untracked 
| 283|0x0000000091b00000, 0x0000000091b00000, 0x0000000091c00000|  0%| F|  |TAMS 0x0000000091b00000| PB 0x0000000091b00000| Untracked 
| 284|0x0000000091c00000, 0x0000000091c00000, 0x0000000091d00000|  0%| F|  |TAMS 0x0000000091c00000| PB 0x0000000091c00000| Untracked 
| 285|0x0000000091d00000, 0x0000000091d00000, 0x0000000091e00000|  0%| F|  |TAMS 0x0000000091d00000| PB 0x0000000091d00000| Untracked 
| 286|0x0000000091e00000, 0x0000000091e00000, 0x0000000091f00000|  0%| F|  |TAMS 0x0000000091e00000| PB 0x0000000091e00000| Untracked 
| 287|0x0000000091f00000, 0x0000000091f00000, 0x0000000092000000|  0%| F|  |TAMS 0x0000000091f00000| PB 0x0000000091f00000| Untracked 
| 288|0x0000000092000000, 0x0000000092000000, 0x0000000092100000|  0%| F|  |TAMS 0x0000000092000000| PB 0x0000000092000000| Untracked 
| 289|0x0000000092100000, 0x0000000092100000, 0x0000000092200000|  0%| F|  |TAMS 0x0000000092100000| PB 0x0000000092100000| Untracked 
| 290|0x0000000092200000, 0x0000000092200000, 0x0000000092300000|  0%| F|  |TAMS 0x0000000092200000| PB 0x0000000092200000| Untracked 
| 291|0x0000000092300000, 0x0000000092300000, 0x0000000092400000|  0%| F|  |TAMS 0x0000000092300000| PB 0x0000000092300000| Untracked 
| 292|0x0000000092400000, 0x0000000092400000, 0x0000000092500000|  0%| F|  |TAMS 0x0000000092400000| PB 0x0000000092400000| Untracked 
| 293|0x0000000092500000, 0x0000000092500000, 0x0000000092600000|  0%| F|  |TAMS 0x0000000092500000| PB 0x0000000092500000| Untracked 
| 294|0x0000000092600000, 0x0000000092600000, 0x0000000092700000|  0%| F|  |TAMS 0x0000000092600000| PB 0x0000000092600000| Untracked 
| 295|0x0000000092700000, 0x0000000092700000, 0x0000000092800000|  0%| F|  |TAMS 0x0000000092700000| PB 0x0000000092700000| Untracked 
| 296|0x0000000092800000, 0x0000000092800000, 0x0000000092900000|  0%| F|  |TAMS 0x0000000092800000| PB 0x0000000092800000| Untracked 
| 297|0x0000000092900000, 0x0000000092900000, 0x0000000092a00000|  0%| F|  |TAMS 0x0000000092900000| PB 0x0000000092900000| Untracked 
| 298|0x0000000092a00000, 0x0000000092a00000, 0x0000000092b00000|  0%| F|  |TAMS 0x0000000092a00000| PB 0x0000000092a00000| Untracked 
| 299|0x0000000092b00000, 0x0000000092b00000, 0x0000000092c00000|  0%| F|  |TAMS 0x0000000092b00000| PB 0x0000000092b00000| Untracked 
| 300|0x0000000092c00000, 0x0000000092c4c5a8, 0x0000000092d00000| 29%| S|CS|TAMS 0x0000000092c00000| PB 0x0000000092c00000| Complete 
| 301|0x0000000092d00000, 0x0000000092e00000, 0x0000000092e00000|100%| S|CS|TAMS 0x0000000092d00000| PB 0x0000000092d00000| Complete 
| 302|0x0000000092e00000, 0x0000000092f00000, 0x0000000092f00000|100%| S|CS|TAMS 0x0000000092e00000| PB 0x0000000092e00000| Complete 
| 303|0x0000000092f00000, 0x0000000093000000, 0x0000000093000000|100%| S|CS|TAMS 0x0000000092f00000| PB 0x0000000092f00000| Complete 
| 304|0x0000000093000000, 0x0000000093100000, 0x0000000093100000|100%| S|CS|TAMS 0x0000000093000000| PB 0x0000000093000000| Complete 
| 305|0x0000000093100000, 0x0000000093200000, 0x0000000093200000|100%| S|CS|TAMS 0x0000000093100000| PB 0x0000000093100000| Complete 
| 306|0x0000000093200000, 0x0000000093300000, 0x0000000093300000|100%| S|CS|TAMS 0x0000000093200000| PB 0x0000000093200000| Complete 
| 307|0x0000000093300000, 0x0000000093400000, 0x0000000093400000|100%| S|CS|TAMS 0x0000000093300000| PB 0x0000000093300000| Complete 
| 308|0x0000000093400000, 0x0000000093500000, 0x0000000093500000|100%| S|CS|TAMS 0x0000000093400000| PB 0x0000000093400000| Complete 
| 309|0x0000000093500000, 0x0000000093500000, 0x0000000093600000|  0%| F|  |TAMS 0x0000000093500000| PB 0x0000000093500000| Untracked 
| 310|0x0000000093600000, 0x0000000093600000, 0x0000000093700000|  0%| F|  |TAMS 0x0000000093600000| PB 0x0000000093600000| Untracked 
| 311|0x0000000093700000, 0x0000000093700000, 0x0000000093800000|  0%| F|  |TAMS 0x0000000093700000| PB 0x0000000093700000| Untracked 
| 312|0x0000000093800000, 0x0000000093800000, 0x0000000093900000|  0%| F|  |TAMS 0x0000000093800000| PB 0x0000000093800000| Untracked 
| 313|0x0000000093900000, 0x0000000093900000, 0x0000000093a00000|  0%| F|  |TAMS 0x0000000093900000| PB 0x0000000093900000| Untracked 
| 314|0x0000000093a00000, 0x0000000093a00000, 0x0000000093b00000|  0%| F|  |TAMS 0x0000000093a00000| PB 0x0000000093a00000| Untracked 
| 315|0x0000000093b00000, 0x0000000093b00000, 0x0000000093c00000|  0%| F|  |TAMS 0x0000000093b00000| PB 0x0000000093b00000| Untracked 
| 316|0x0000000093c00000, 0x0000000093c00000, 0x0000000093d00000|  0%| F|  |TAMS 0x0000000093c00000| PB 0x0000000093c00000| Untracked 
| 317|0x0000000093d00000, 0x0000000093d00000, 0x0000000093e00000|  0%| F|  |TAMS 0x0000000093d00000| PB 0x0000000093d00000| Untracked 
| 318|0x0000000093e00000, 0x0000000093e00000, 0x0000000093f00000|  0%| F|  |TAMS 0x0000000093e00000| PB 0x0000000093e00000| Untracked 
| 319|0x0000000093f00000, 0x0000000093f00000, 0x0000000094000000|  0%| F|  |TAMS 0x0000000093f00000| PB 0x0000000093f00000| Untracked 
| 320|0x0000000094000000, 0x0000000094000000, 0x0000000094100000|  0%| F|  |TAMS 0x0000000094000000| PB 0x0000000094000000| Untracked 
| 321|0x0000000094100000, 0x0000000094100000, 0x0000000094200000|  0%| F|  |TAMS 0x0000000094100000| PB 0x0000000094100000| Untracked 
| 322|0x0000000094200000, 0x0000000094200000, 0x0000000094300000|  0%| F|  |TAMS 0x0000000094200000| PB 0x0000000094200000| Untracked 
| 323|0x0000000094300000, 0x0000000094300000, 0x0000000094400000|  0%| F|  |TAMS 0x0000000094300000| PB 0x0000000094300000| Untracked 
| 324|0x0000000094400000, 0x0000000094400000, 0x0000000094500000|  0%| F|  |TAMS 0x0000000094400000| PB 0x0000000094400000| Untracked 
| 325|0x0000000094500000, 0x0000000094500000, 0x0000000094600000|  0%| F|  |TAMS 0x0000000094500000| PB 0x0000000094500000| Untracked 
| 326|0x0000000094600000, 0x0000000094600000, 0x0000000094700000|  0%| F|  |TAMS 0x0000000094600000| PB 0x0000000094600000| Untracked 
| 327|0x0000000094700000, 0x0000000094780000, 0x0000000094800000| 50%| E|  |TAMS 0x0000000094700000| PB 0x0000000094700000| Complete 
| 328|0x0000000094800000, 0x0000000094900000, 0x0000000094900000|100%| E|CS|TAMS 0x0000000094800000| PB 0x0000000094800000| Complete 
| 329|0x0000000094900000, 0x0000000094a00000, 0x0000000094a00000|100%| E|CS|TAMS 0x0000000094900000| PB 0x0000000094900000| Complete 
| 330|0x0000000094a00000, 0x0000000094b00000, 0x0000000094b00000|100%| E|CS|TAMS 0x0000000094a00000| PB 0x0000000094a00000| Complete 
| 331|0x0000000094b00000, 0x0000000094c00000, 0x0000000094c00000|100%| E|CS|TAMS 0x0000000094b00000| PB 0x0000000094b00000| Complete 
| 332|0x0000000094c00000, 0x0000000094d00000, 0x0000000094d00000|100%| E|CS|TAMS 0x0000000094c00000| PB 0x0000000094c00000| Complete 
| 333|0x0000000094d00000, 0x0000000094e00000, 0x0000000094e00000|100%| E|CS|TAMS 0x0000000094d00000| PB 0x0000000094d00000| Complete 
| 334|0x0000000094e00000, 0x0000000094f00000, 0x0000000094f00000|100%| E|CS|TAMS 0x0000000094e00000| PB 0x0000000094e00000| Complete 
| 335|0x0000000094f00000, 0x0000000095000000, 0x0000000095000000|100%| E|CS|TAMS 0x0000000094f00000| PB 0x0000000094f00000| Complete 
| 336|0x0000000095000000, 0x0000000095100000, 0x0000000095100000|100%| E|CS|TAMS 0x0000000095000000| PB 0x0000000095000000| Complete 
| 337|0x0000000095100000, 0x0000000095200000, 0x0000000095200000|100%| E|CS|TAMS 0x0000000095100000| PB 0x0000000095100000| Complete 
| 338|0x0000000095200000, 0x0000000095300000, 0x0000000095300000|100%| E|CS|TAMS 0x0000000095200000| PB 0x0000000095200000| Complete 
| 339|0x0000000095300000, 0x0000000095400000, 0x0000000095400000|100%| E|CS|TAMS 0x0000000095300000| PB 0x0000000095300000| Complete 
| 340|0x0000000095400000, 0x0000000095500000, 0x0000000095500000|100%| E|CS|TAMS 0x0000000095400000| PB 0x0000000095400000| Complete 
| 341|0x0000000095500000, 0x0000000095600000, 0x0000000095600000|100%| E|CS|TAMS 0x0000000095500000| PB 0x0000000095500000| Complete 
| 342|0x0000000095600000, 0x0000000095700000, 0x0000000095700000|100%| E|CS|TAMS 0x0000000095600000| PB 0x0000000095600000| Complete 
| 343|0x0000000095700000, 0x0000000095800000, 0x0000000095800000|100%| E|CS|TAMS 0x0000000095700000| PB 0x0000000095700000| Complete 
| 344|0x0000000095800000, 0x0000000095900000, 0x0000000095900000|100%| E|CS|TAMS 0x0000000095800000| PB 0x0000000095800000| Complete 
| 345|0x0000000095900000, 0x0000000095a00000, 0x0000000095a00000|100%| E|CS|TAMS 0x0000000095900000| PB 0x0000000095900000| Complete 
| 346|0x0000000095a00000, 0x0000000095b00000, 0x0000000095b00000|100%| E|CS|TAMS 0x0000000095a00000| PB 0x0000000095a00000| Complete 
| 347|0x0000000095b00000, 0x0000000095c00000, 0x0000000095c00000|100%| E|CS|TAMS 0x0000000095b00000| PB 0x0000000095b00000| Complete 
| 348|0x0000000095c00000, 0x0000000095d00000, 0x0000000095d00000|100%| E|CS|TAMS 0x0000000095c00000| PB 0x0000000095c00000| Complete 
| 349|0x0000000095d00000, 0x0000000095e00000, 0x0000000095e00000|100%| E|CS|TAMS 0x0000000095d00000| PB 0x0000000095d00000| Complete 
| 350|0x0000000095e00000, 0x0000000095f00000, 0x0000000095f00000|100%| E|CS|TAMS 0x0000000095e00000| PB 0x0000000095e00000| Complete 
| 351|0x0000000095f00000, 0x0000000096000000, 0x0000000096000000|100%| E|CS|TAMS 0x0000000095f00000| PB 0x0000000095f00000| Complete 
| 352|0x0000000096000000, 0x0000000096100000, 0x0000000096100000|100%| E|CS|TAMS 0x0000000096000000| PB 0x0000000096000000| Complete 
| 353|0x0000000096100000, 0x0000000096200000, 0x0000000096200000|100%| E|CS|TAMS 0x0000000096100000| PB 0x0000000096100000| Complete 
| 354|0x0000000096200000, 0x0000000096300000, 0x0000000096300000|100%| E|CS|TAMS 0x0000000096200000| PB 0x0000000096200000| Complete 
| 355|0x0000000096300000, 0x0000000096400000, 0x0000000096400000|100%| E|CS|TAMS 0x0000000096300000| PB 0x0000000096300000| Complete 
| 356|0x0000000096400000, 0x0000000096500000, 0x0000000096500000|100%| E|CS|TAMS 0x0000000096400000| PB 0x0000000096400000| Complete 
| 357|0x0000000096500000, 0x0000000096600000, 0x0000000096600000|100%| E|CS|TAMS 0x0000000096500000| PB 0x0000000096500000| Complete 
|2044|0x00000000ffc00000, 0x00000000ffd00000, 0x00000000ffd00000|100%| O|  |TAMS 0x00000000ffd00000| PB 0x00000000ffd00000| Updating 
|2045|0x00000000ffd00000, 0x00000000ffe00000, 0x00000000ffe00000|100%| E|CS|TAMS 0x00000000ffd00000| PB 0x00000000ffd00000| Complete 
|2046|0x00000000ffe00000, 0x00000000fff00000, 0x00000000fff00000|100%| E|CS|TAMS 0x00000000ffe00000| PB 0x00000000ffe00000| Complete 
|2047|0x00000000fff00000, 0x0000000100000000, 0x0000000100000000|100%| O|  |TAMS 0x0000000100000000| PB 0x0000000100000000| Updating 

Card table byte_map: [0x000001df6b030000,0x000001df6b430000] _byte_map_base: 0x000001df6ac30000

Marking Bits: (CMBitMap*) 0x000001df52c819d0
 Bits: [0x000001df6b430000, 0x000001df6d430000)

Polling page: 0x000001df51380000

Metaspace:

Usage:
  Non-class:    101.31 MB used.
      Class:     15.99 MB used.
       Both:    117.30 MB used.

Virtual space:
  Non-class space:      128.00 MB reserved,     102.69 MB ( 80%) committed,  2 nodes.
      Class space:        1.00 GB reserved,      17.38 MB (  2%) committed,  1 nodes.
             Both:        1.12 GB reserved,     120.06 MB ( 10%) committed. 

Chunk freelists:
   Non-Class:  9.07 MB
       Class:  14.53 MB
        Both:  23.60 MB

MaxMetaspaceSize: unlimited
CompressedClassSpaceSize: 1.00 GB
Initial GC threshold: 21.00 MB
Current GC threshold: 195.12 MB
CDS: on
 - commit_granule_bytes: 65536.
 - commit_granule_words: 8192.
 - virtual_space_node_default_size: 8388608.
 - enlarge_chunks_in_place: 1.
 - use_allocation_guard: 0.


Internal statistics:

num_allocs_failed_limit: 12.
num_arena_births: 4672.
num_arena_deaths: 0.
num_vsnodes_births: 3.
num_vsnodes_deaths: 0.
num_space_committed: 1920.
num_space_uncommitted: 0.
num_chunks_returned_to_freelist: 12.
num_chunks_taken_from_freelist: 10263.
num_chunk_merges: 12.
num_chunk_splits: 6694.
num_chunks_enlarged: 4219.
num_inconsistent_stats: 0.

CodeHeap 'non-profiled nmethods': size=120000Kb used=11594Kb max_used=11641Kb free=108405Kb
 bounds [0x000001df62c90000, 0x000001df637f0000, 0x000001df6a1c0000]
CodeHeap 'profiled nmethods': size=120000Kb used=31151Kb max_used=31799Kb free=88849Kb
 bounds [0x000001df5b1c0000, 0x000001df5d0d0000, 0x000001df626f0000]
CodeHeap 'non-nmethods': size=5760Kb used=3016Kb max_used=3064Kb free=2743Kb
 bounds [0x000001df626f0000, 0x000001df62a00000, 0x000001df62c90000]
 total_blobs=16869 nmethods=15793 adapters=978
 compilation: enabled
              stopped_count=0, restarted_count=0
 full_count=0

Compilation events (20 events):
Event: 468.160 Thread 0x000001df6fe5ba20 18931       1       org.gradle.internal.snapshot.impl.IsolatedEnumValueSnapshot::isolate (5 bytes)
Event: 468.160 Thread 0x000001df6fe5ba20 nmethod 18931 0x000001df637e5e10 code [0x000001df637e5fa0, 0x000001df637e6068]
Event: 468.163 Thread 0x000001df6fe5ba20 18932       3       org.jetbrains.kotlin.gradle.plugin.mpp.DefaultKotlinUsageContext::getProject (10 bytes)
Event: 468.163 Thread 0x000001df6fe5ba20 nmethod 18932 0x000001df5d0cd410 code [0x000001df5d0cd5e0, 0x000001df5d0cd900]
Event: 468.163 Thread 0x000001df6fe5ba20 18933       3       org.jetbrains.kotlin.gradle.plugin.mpp.DefaultKotlinUsageContext::getKotlinTarget (10 bytes)
Event: 468.164 Thread 0x000001df6fe5ba20 nmethod 18933 0x000001df5d0cda90 code [0x000001df5d0cdc40, 0x000001df5d0cde30]
Event: 468.183 Thread 0x000001df6fe5ba20 18934       1       org.gradle.api.internal.artifacts.ivyservice.ResolutionParameters::isDependencyLockingEnabled (5 bytes)
Event: 468.183 Thread 0x000001df6fe5ba20 nmethod 18934 0x000001df637e6110 code [0x000001df637e62a0, 0x000001df637e6370]
Event: 468.189 Thread 0x000001df6fe5a970 nmethod 18863 0x000001df637e6410 code [0x000001df637e6940, 0x000001df637eb080]
Event: 468.189 Thread 0x000001df6fe5a970 18922       4       org.gradle.api.internal.artifacts.configurations.DefaultVariant_Decorated::getName (39 bytes)
Event: 468.190 Thread 0x000001df6fe5a970 nmethod 18922 0x000001df637ecd90 code [0x000001df637ecf20, 0x000001df637ecfd0]
Event: 468.190 Thread 0x000001df6fe5a970 18865       4       org.gradle.api.internal.artifacts.ivyservice.resolveengine.result.DefaultComponentSelectionDescriptor::withDescription (31 bytes)
Event: 468.195 Thread 0x000001df6fe5a970 nmethod 18865 0x000001df637ed090 code [0x000001df637ed260, 0x000001df637ed690]
Event: 468.195 Thread 0x000001df6fe5a970 18916       4       org.gradle.api.internal.artifacts.configurations.MutationValidator$$Lambda/0x000001df016fc1b0::validateMutation (5 bytes)
Event: 468.195 Thread 0x000001df6fe5a970 nmethod 18916 0x000001df637eda10 code [0x000001df637edba0, 0x000001df637edc28]
Event: 468.195 Thread 0x000001df6fe5a970 18883       4       java.io.WinNTFileSystem::isAbsolute (36 bytes)
Event: 468.197 Thread 0x000001df6fe5a970 nmethod 18883 0x000001df637edd10 code [0x000001df637edea0, 0x000001df637edf70]
Event: 468.197 Thread 0x000001df6fe5a970 18851       4       org.gradle.api.internal.provider.ValueState$NonFinalizedValue::applyConvention (20 bytes)
Event: 468.199 Thread 0x000001df6fe5a970 nmethod 18851 0x000001df637ee090 code [0x000001df637ee240, 0x000001df637ee460]
Event: 468.199 Thread 0x000001df6fe5a970 18867       4       jdk.internal.reflect.Reflection::verifyMemberAccess (200 bytes)

GC Heap History (20 events):
Event: 45.732 GC heap before
{Heap before GC invocations=56 (full 0):
 garbage-first heap   total 252928K, used 233217K [0x0000000080000000, 0x0000000100000000)
  region size 1024K, 82 young (83968K), 4 survivors (4096K)
 Metaspace       used 115774K, committed 118464K, reserved 1179648K
  class space    used 15990K, committed 17344K, reserved 1048576K
}
Event: 45.744 GC heap after
{Heap after GC invocations=57 (full 0):
 garbage-first heap   total 252928K, used 161404K [0x0000000080000000, 0x0000000100000000)
  region size 1024K, 11 young (11264K), 11 survivors (11264K)
 Metaspace       used 115774K, committed 118464K, reserved 1179648K
  class space    used 15990K, committed 17344K, reserved 1048576K
}
Event: 46.613 GC heap before
{Heap before GC invocations=57 (full 0):
 garbage-first heap   total 252928K, used 226940K [0x0000000080000000, 0x0000000100000000)
  region size 1024K, 76 young (77824K), 11 survivors (11264K)
 Metaspace       used 116069K, committed 118784K, reserved 1179648K
  class space    used 16021K, committed 17344K, reserved 1048576K
}
Event: 46.626 GC heap after
{Heap after GC invocations=58 (full 0):
 garbage-first heap   total 252928K, used 167395K [0x0000000080000000, 0x0000000100000000)
  region size 1024K, 8 young (8192K), 8 survivors (8192K)
 Metaspace       used 116069K, committed 118784K, reserved 1179648K
  class space    used 16021K, committed 17344K, reserved 1048576K
}
Event: 47.271 GC heap before
{Heap before GC invocations=58 (full 0):
 garbage-first heap   total 252928K, used 228835K [0x0000000080000000, 0x0000000100000000)
  region size 1024K, 69 young (70656K), 8 survivors (8192K)
 Metaspace       used 116069K, committed 118784K, reserved 1179648K
  class space    used 16021K, committed 17344K, reserved 1048576K
}
Event: 47.279 GC heap after
{Heap after GC invocations=59 (full 0):
 garbage-first heap   total 252928K, used 169420K [0x0000000080000000, 0x0000000100000000)
  region size 1024K, 4 young (4096K), 4 survivors (4096K)
 Metaspace       used 116069K, committed 118784K, reserved 1179648K
  class space    used 16021K, committed 17344K, reserved 1048576K
}
Event: 48.531 GC heap before
{Heap before GC invocations=60 (full 0):
 garbage-first heap   total 317440K, used 234956K [0x0000000080000000, 0x0000000100000000)
  region size 1024K, 65 young (66560K), 4 survivors (4096K)
 Metaspace       used 116268K, committed 119040K, reserved 1179648K
  class space    used 16041K, committed 17408K, reserved 1048576K
}
Event: 48.543 GC heap after
{Heap after GC invocations=61 (full 0):
 garbage-first heap   total 317440K, used 182118K [0x0000000080000000, 0x0000000100000000)
  region size 1024K, 9 young (9216K), 9 survivors (9216K)
 Metaspace       used 116268K, committed 119040K, reserved 1179648K
  class space    used 16041K, committed 17408K, reserved 1048576K
}
Event: 50.200 GC heap before
{Heap before GC invocations=61 (full 0):
 garbage-first heap   total 317440K, used 293734K [0x0000000080000000, 0x0000000100000000)
  region size 1024K, 114 young (116736K), 9 survivors (9216K)
 Metaspace       used 116336K, committed 119104K, reserved 1179648K
  class space    used 16048K, committed 17408K, reserved 1048576K
}
Event: 50.217 GC heap after
{Heap after GC invocations=62 (full 0):
 garbage-first heap   total 317440K, used 194410K [0x0000000080000000, 0x0000000100000000)
  region size 1024K, 9 young (9216K), 9 survivors (9216K)
 Metaspace       used 116336K, committed 119104K, reserved 1179648K
  class space    used 16048K, committed 17408K, reserved 1048576K
}
Event: 51.789 GC heap before
{Heap before GC invocations=62 (full 0):
 garbage-first heap   total 317440K, used 288618K [0x0000000080000000, 0x0000000100000000)
  region size 1024K, 100 young (102400K), 9 survivors (9216K)
 Metaspace       used 116821K, committed 119616K, reserved 1179648K
  class space    used 16103K, committed 17472K, reserved 1048576K
}
Event: 51.803 GC heap after
{Heap after GC invocations=63 (full 0):
 garbage-first heap   total 317440K, used 202818K [0x0000000080000000, 0x0000000100000000)
  region size 1024K, 12 young (12288K), 12 survivors (12288K)
 Metaspace       used 116821K, committed 119616K, reserved 1179648K
  class space    used 16103K, committed 17472K, reserved 1048576K
}
Event: 52.367 GC heap before
{Heap before GC invocations=63 (full 0):
 garbage-first heap   total 317440K, used 268354K [0x0000000080000000, 0x0000000100000000)
  region size 1024K, 78 young (79872K), 12 survivors (12288K)
 Metaspace       used 116883K, committed 119680K, reserved 1179648K
  class space    used 16111K, committed 17472K, reserved 1048576K
}
Event: 52.381 GC heap after
{Heap after GC invocations=64 (full 0):
 garbage-first heap   total 317440K, used 205497K [0x0000000080000000, 0x0000000100000000)
  region size 1024K, 5 young (5120K), 5 survivors (5120K)
 Metaspace       used 116883K, committed 119680K, reserved 1179648K
  class space    used 16111K, committed 17472K, reserved 1048576K
}
Event: 461.594 GC heap before
{Heap before GC invocations=65 (full 0):
 garbage-first heap   total 370688K, used 298681K [0x0000000080000000, 0x0000000100000000)
  region size 1024K, 90 young (92160K), 5 survivors (5120K)
 Metaspace       used 119429K, committed 122304K, reserved 1179648K
  class space    used 16365K, committed 17792K, reserved 1048576K
}
Event: 461.893 GC heap after
{Heap after GC invocations=66 (full 0):
 garbage-first heap   total 370688K, used 213819K [0x0000000080000000, 0x0000000100000000)
  region size 1024K, 11 young (11264K), 11 survivors (11264K)
 Metaspace       used 119429K, committed 122304K, reserved 1179648K
  class space    used 16365K, committed 17792K, reserved 1048576K
}
Event: 466.025 GC heap before
{Heap before GC invocations=66 (full 0):
 garbage-first heap   total 370688K, used 320315K [0x0000000080000000, 0x0000000100000000)
  region size 1024K, 116 young (118784K), 11 survivors (11264K)
 Metaspace       used 119859K, committed 122688K, reserved 1179648K
  class space    used 16367K, committed 17792K, reserved 1048576K
}
Event: 466.115 GC heap after
{Heap after GC invocations=67 (full 0):
 garbage-first heap   total 370688K, used 221085K [0x0000000080000000, 0x0000000100000000)
  region size 1024K, 15 young (15360K), 15 survivors (15360K)
 Metaspace       used 119859K, committed 122688K, reserved 1179648K
  class space    used 16367K, committed 17792K, reserved 1048576K
}
Event: 467.002 GC heap before
{Heap before GC invocations=67 (full 0):
 garbage-first heap   total 370688K, used 273309K [0x0000000080000000, 0x0000000100000000)
  region size 1024K, 66 young (67584K), 15 survivors (15360K)
 Metaspace       used 119984K, committed 122880K, reserved 1179648K
  class space    used 16370K, committed 17792K, reserved 1048576K
}
Event: 467.041 GC heap after
{Heap after GC invocations=68 (full 0):
 garbage-first heap   total 370688K, used 230367K [0x0000000080000000, 0x0000000100000000)
  region size 1024K, 9 young (9216K), 9 survivors (9216K)
 Metaspace       used 119984K, committed 122880K, reserved 1179648K
  class space    used 16370K, committed 17792K, reserved 1048576K
}

Dll operation events (15 events):
Event: 0.014 Loaded shared library C:\Program Files\Java\jdk-21.0.10\bin\java.dll
Event: 0.042 Loaded shared library C:\Program Files\Java\jdk-21.0.10\bin\jsvml.dll
Event: 0.074 Loaded shared library C:\Program Files\Java\jdk-21.0.10\bin\zip.dll
Event: 0.078 Loaded shared library C:\Program Files\Java\jdk-21.0.10\bin\instrument.dll
Event: 0.082 Loaded shared library C:\Program Files\Java\jdk-21.0.10\bin\net.dll
Event: 0.084 Loaded shared library C:\Program Files\Java\jdk-21.0.10\bin\nio.dll
Event: 0.087 Loaded shared library C:\Program Files\Java\jdk-21.0.10\bin\zip.dll
Event: 0.314 Loaded shared library C:\Program Files\Java\jdk-21.0.10\bin\jimage.dll
Event: 0.431 Loaded shared library C:\Program Files\Java\jdk-21.0.10\bin\verify.dll
Event: 0.508 Loaded shared library C:\Users\user\.gradle\native\1def1411415f61bf3af743bc5b6707747c0891f09f0c88961ee8f79bc544acac\windows-amd64\native-platform.dll
Event: 0.523 Loaded shared library C:\Users\user\.gradle\native\0.2.7\x86_64-windows-gnu\gradle-fileevents.dll
Event: 1.821 Loaded shared library C:\Program Files\Java\jdk-21.0.10\bin\management.dll
Event: 1.824 Loaded shared library C:\Program Files\Java\jdk-21.0.10\bin\management_ext.dll
Event: 1.961 Loaded shared library C:\Program Files\Java\jdk-21.0.10\bin\extnet.dll
Event: 2.152 Loaded shared library C:\Program Files\Java\jdk-21.0.10\bin\sunmscapi.dll

Deoptimization events (20 events):
Event: 465.865 Thread 0x000001df78d29460 Uncommon trap: trap_request=0xffffffc6 fr.pc=0x000001df6327803c relative=0x00000000000001fc
Event: 465.865 Thread 0x000001df78d29460 Uncommon trap: reason=bimorphic_or_optimized_type_check action=maybe_recompile pc=0x000001df6327803c method=java.util.ImmutableCollections$Set12.contains(Ljava/lang/Object;)Z @ 16 c2
Event: 465.865 Thread 0x000001df78d29460 DEOPT PACKING pc=0x000001df6327803c sp=0x0000000777ef60f0
Event: 465.865 Thread 0x000001df78d29460 DEOPT UNPACKING pc=0x000001df627446a2 sp=0x0000000777ef6088 mode 2
Event: 465.945 Thread 0x000001df78d29460 Uncommon trap: trap_request=0xfffffff4 fr.pc=0x000001df637238cc relative=0x000000000000012c
Event: 465.945 Thread 0x000001df78d29460 Uncommon trap: reason=null_check action=make_not_entrant pc=0x000001df637238cc method=org.gradle.api.internal.collections.CollectionFilter.filter(Ljava/lang/Object;)Ljava/lang/Object; @ 5 c2
Event: 465.945 Thread 0x000001df78d29460 DEOPT PACKING pc=0x000001df637238cc sp=0x0000000777ef5f00
Event: 465.945 Thread 0x000001df78d29460 DEOPT UNPACKING pc=0x000001df627446a2 sp=0x0000000777ef5ea0 mode 2
Event: 466.009 Thread 0x000001df78d29460 DEOPT PACKING pc=0x000001df5c7dddde sp=0x0000000777ef57e0
Event: 466.009 Thread 0x000001df78d29460 DEOPT UNPACKING pc=0x000001df62744e42 sp=0x0000000777ef4cf0 mode 0
Event: 466.130 Thread 0x000001df78d29460 DEOPT PACKING pc=0x000001df5c7dddde sp=0x0000000777ef57e0
Event: 466.130 Thread 0x000001df78d29460 DEOPT UNPACKING pc=0x000001df62744e42 sp=0x0000000777ef4cf0 mode 0
Event: 466.170 Thread 0x000001df78d29460 DEOPT PACKING pc=0x000001df5c7dddde sp=0x0000000777ef57d0
Event: 466.170 Thread 0x000001df78d29460 DEOPT UNPACKING pc=0x000001df62744e42 sp=0x0000000777ef4ce0 mode 0
Event: 466.723 Thread 0x000001df78d29460 DEOPT PACKING pc=0x000001df5bba62eb sp=0x0000000777ef6790
Event: 466.723 Thread 0x000001df78d29460 DEOPT UNPACKING pc=0x000001df62744e42 sp=0x0000000777ef5b98 mode 0
Event: 467.601 Thread 0x000001df78d29460 Uncommon trap: trap_request=0xffffff45 fr.pc=0x000001df6357b7b8 relative=0x00000000000017d8
Event: 467.601 Thread 0x000001df78d29460 Uncommon trap: reason=unstable_if action=reinterpret pc=0x000001df6357b7b8 method=org.gradle.internal.metaobject.BeanDynamicObject$MetaClassAdapter.lookupProperty(Lgroovy/lang/MetaClass;Ljava/lang/String;)Lgroovy/lang/MetaProperty; @ 34 c2
Event: 467.601 Thread 0x000001df78d29460 DEOPT PACKING pc=0x000001df6357b7b8 sp=0x0000000777ef98c0
Event: 467.601 Thread 0x000001df78d29460 DEOPT UNPACKING pc=0x000001df627446a2 sp=0x0000000777ef97b8 mode 2

Classes loaded (20 events):
Event: 45.309 Loading class java/util/TreeSetCustomizer
Event: 45.309 Loading class java/util/TreeSetCustomizer done
Event: 47.854 Loading class jdk/internal/reflect/MethodHandleBooleanFieldAccessorImpl
Event: 47.855 Loading class jdk/internal/reflect/MethodHandleBooleanFieldAccessorImpl done
Event: 54.735 Loading class java/time/Instant$1
Event: 54.736 Loading class java/time/Instant$1 done
Event: 60.496 Loading class sun/reflect/misc/MethodUtil
Event: 60.498 Loading class sun/reflect/misc/MethodUtil done
Event: 60.498 Loading class sun/reflect/misc/MethodUtil$1
Event: 60.499 Loading class sun/reflect/misc/MethodUtil$1 done
Event: 60.960 Loading class java/nio/file/StandardCopyOption
Event: 60.961 Loading class java/nio/file/StandardCopyOption done
Event: 60.961 Loading class sun/nio/fs/WindowsFileCopy
Event: 60.962 Loading class sun/nio/fs/WindowsFileCopy done
Event: 60.983 Loading class sun/nio/fs/WindowsSecurity$Privilege
Event: 60.984 Loading class sun/nio/fs/WindowsSecurity$Privilege done
Event: 61.233 Loading class java/util/concurrent/CompletableFuture$AsyncRun
Event: 61.236 Loading class java/util/concurrent/CompletableFuture$AsyncRun done
Event: 459.979 Loading class jdk/internal/math/FormattedFPDecimal
Event: 460.041 Loading class jdk/internal/math/FormattedFPDecimal done

Classes unloaded (0 events):
No events

Classes redefined (0 events):
No events

Internal exceptions (20 events):
Event: 461.591 Thread 0x000001df78d29460 Exception <a 'sun/nio/fs/WindowsException'{0x00000000913fdb68}> (0x00000000913fdb68) 
thrown [s\open\src\hotspot\share\prims\jni.cpp, line 520]
Event: 461.592 Thread 0x000001df78d29460 Exception <a 'sun/nio/fs/WindowsException'{0x00000000913ff550}> (0x00000000913ff550) 
thrown [s\open\src\hotspot\share\prims\jni.cpp, line 520]
Event: 462.711 Thread 0x000001df78d29460 Exception <a 'sun/nio/fs/WindowsException'{0x0000000094e33428}> (0x0000000094e33428) 
thrown [s\open\src\hotspot\share\prims\jni.cpp, line 520]
Event: 462.711 Thread 0x000001df78d29460 Exception <a 'sun/nio/fs/WindowsException'{0x0000000094e35048}> (0x0000000094e35048) 
thrown [s\open\src\hotspot\share\prims\jni.cpp, line 520]
Event: 462.712 Thread 0x000001df78d29460 Exception <a 'sun/nio/fs/WindowsException'{0x0000000094e37978}> (0x0000000094e37978) 
thrown [s\open\src\hotspot\share\prims\jni.cpp, line 520]
Event: 464.390 Thread 0x000001df412c27f0 Exception <a 'sun/nio/fs/WindowsException'{0x0000000092e15900}> (0x0000000092e15900) 
thrown [s\open\src\hotspot\share\prims\jni.cpp, line 520]
Event: 464.391 Thread 0x000001df412c27f0 Exception <a 'sun/nio/fs/WindowsException'{0x0000000092e17940}> (0x0000000092e17940) 
thrown [s\open\src\hotspot\share\prims\jni.cpp, line 520]
Event: 464.392 Thread 0x000001df412c27f0 Exception <a 'sun/nio/fs/WindowsException'{0x0000000092e198d0}> (0x0000000092e198d0) 
thrown [s\open\src\hotspot\share\prims\jni.cpp, line 520]
Event: 464.392 Thread 0x000001df412c27f0 Exception <a 'sun/nio/fs/WindowsException'{0x0000000092e1b528}> (0x0000000092e1b528) 
thrown [s\open\src\hotspot\share\prims\jni.cpp, line 520]
Event: 464.395 Thread 0x000001df412c27f0 Exception <a 'sun/nio/fs/WindowsException'{0x0000000092e35b38}> (0x0000000092e35b38) 
thrown [s\open\src\hotspot\share\prims\jni.cpp, line 520]
Event: 464.473 Thread 0x000001df412c27f0 Exception <a 'sun/nio/fs/WindowsException'{0x0000000092ca5580}> (0x0000000092ca5580) 
thrown [s\open\src\hotspot\share\prims\jni.cpp, line 520]
Event: 464.473 Thread 0x000001df412c27f0 Exception <a 'sun/nio/fs/WindowsException'{0x0000000092ca7668}> (0x0000000092ca7668) 
thrown [s\open\src\hotspot\share\prims\jni.cpp, line 520]
Event: 464.473 Thread 0x000001df412c27f0 Exception <a 'sun/nio/fs/WindowsException'{0x0000000092ca96d0}> (0x0000000092ca96d0) 
thrown [s\open\src\hotspot\share\prims\jni.cpp, line 520]
Event: 464.474 Thread 0x000001df412c27f0 Exception <a 'sun/nio/fs/WindowsException'{0x0000000092cab3b0}> (0x0000000092cab3b0) 
thrown [s\open\src\hotspot\share\prims\jni.cpp, line 520]
Event: 465.148 Thread 0x000001df412c27f0 Exception <a 'sun/nio/fs/WindowsException'{0x0000000091912440}> (0x0000000091912440) 
thrown [s\open\src\hotspot\share\prims\jni.cpp, line 520]
Event: 465.148 Thread 0x000001df412c27f0 Exception <a 'sun/nio/fs/WindowsException'{0x00000000919145f8}> (0x00000000919145f8) 
thrown [s\open\src\hotspot\share\prims\jni.cpp, line 520]
Event: 465.148 Thread 0x000001df412c27f0 Exception <a 'sun/nio/fs/WindowsException'{0x0000000091916720}> (0x0000000091916720) 
thrown [s\open\src\hotspot\share\prims\jni.cpp, line 520]
Event: 465.149 Thread 0x000001df412c27f0 Exception <a 'sun/nio/fs/WindowsException'{0x00000000919184a0}> (0x00000000919184a0) 
thrown [s\open\src\hotspot\share\prims\jni.cpp, line 520]
Event: 465.945 Thread 0x000001df78d29460 Implicit null exception at 0x000001df637237ec to 0x000001df637238b8
Event: 466.699 Thread 0x000001df78d29460 Exception <a 'java/lang/IncompatibleClassChangeError'{0x00000000946f9088}: Found class java.lang.Object, but interface was expected> (0x00000000946f9088) 
thrown [s\open\src\hotspot\share\interpreter\linkResolver.cpp, line 840]

ZGC Phase Switch (0 events):
No events

VM Operations (20 events):
Event: 460.535 Executing VM operation: Cleanup done
Event: 461.543 Executing VM operation: Cleanup
Event: 461.545 Executing VM operation: Cleanup done
Event: 461.592 Executing VM operation: G1CollectForAllocation (G1 Evacuation Pause)
Event: 461.893 Executing VM operation: G1CollectForAllocation (G1 Evacuation Pause) done
Event: 462.904 Executing VM operation: Cleanup
Event: 462.905 Executing VM operation: Cleanup done
Event: 463.918 Executing VM operation: Cleanup
Event: 463.918 Executing VM operation: Cleanup done
Event: 464.397 Executing VM operation: ICBufferFull
Event: 464.397 Executing VM operation: ICBufferFull done
Event: 465.139 Executing VM operation: ICBufferFull
Event: 465.140 Executing VM operation: ICBufferFull done
Event: 466.024 Executing VM operation: G1CollectForAllocation (G1 Evacuation Pause)
Event: 466.115 Executing VM operation: G1CollectForAllocation (G1 Evacuation Pause) done
Event: 467.002 Executing VM operation: G1CollectForAllocation (G1 Evacuation Pause)
Event: 467.042 Executing VM operation: G1CollectForAllocation (G1 Evacuation Pause) done
Event: 468.049 Executing VM operation: Cleanup
Event: 468.050 Executing VM operation: Cleanup done
Event: 468.229 Executing VM operation: G1PauseRemark

Events (20 events):
Event: 468.335 Thread 0x000001df6fe1bc30 flushing nmethod 0x000001df5b982a10
Event: 468.335 Thread 0x000001df6fe1bc30 flushing nmethod 0x000001df5ba3e110
Event: 468.335 Thread 0x000001df6fe1bc30 flushing nmethod 0x000001df5ba79390
Event: 468.335 Thread 0x000001df6fe1bc30 flushing nmethod 0x000001df5bec8290
Event: 468.335 Thread 0x000001df6fe1bc30 flushing nmethod 0x000001df5beccc10
Event: 468.335 Thread 0x000001df6fe1bc30 flushing nmethod 0x000001df5beec110
Event: 468.335 Thread 0x000001df6fe1bc30 flushing nmethod 0x000001df5beecd90
Event: 468.335 Thread 0x000001df6fe1bc30 flushing nmethod 0x000001df5beed310
Event: 468.335 Thread 0x000001df6fe1bc30 flushing nmethod 0x000001df5beeda90
Event: 468.336 Thread 0x000001df6fe1bc30 flushing nmethod 0x000001df5c082110
Event: 468.336 Thread 0x000001df6fe1bc30 flushing nmethod 0x000001df5c18dd10
Event: 468.336 Thread 0x000001df6fe1bc30 flushing nmethod 0x000001df5c277090
Event: 468.336 Thread 0x000001df6fe1bc30 flushing nmethod 0x000001df5c59d090
Event: 468.336 Thread 0x000001df6fe1bc30 flushing nmethod 0x000001df5c771790
Event: 468.336 Thread 0x000001df6fe1bc30 flushing nmethod 0x000001df5c88e790
Event: 468.336 Thread 0x000001df6fe1bc30 flushing nmethod 0x000001df5cc35690
Event: 468.336 Thread 0x000001df6fe1bc30 flushing nmethod 0x000001df5cc37c10
Event: 468.336 Thread 0x000001df6fe1bc30 flushing nmethod 0x000001df5cc38e90
Event: 468.336 Thread 0x000001df6fe1bc30 flushing nmethod 0x000001df5cc41c90
Event: 468.336 Thread 0x000001df6fe1bc30 flushing nmethod 0x000001df5cc44e90


Dynamic libraries:
0x00007ff6d87d0000 - 0x00007ff6d87e0000 	C:\Program Files\Java\jdk-21.0.10\bin\java.exe
0x00007fffe2600000 - 0x00007fffe2868000 	C:\WINDOWS\SYSTEM32\ntdll.dll
0x00007fffe1550000 - 0x00007fffe1619000 	C:\WINDOWS\System32\KERNEL32.DLL
0x00007fffdf790000 - 0x00007fffdfb82000 	C:\WINDOWS\System32\KERNELBASE.dll
0x00007fffe0110000 - 0x00007fffe025b000 	C:\WINDOWS\System32\ucrtbase.dll
0x00007fffd2f70000 - 0x00007fffd2f89000 	C:\Program Files\Java\jdk-21.0.10\bin\jli.dll
0x00007fffd2e90000 - 0x00007fffd2eae000 	C:\Program Files\Java\jdk-21.0.10\bin\VCRUNTIME140.dll
0x00007fffe0e90000 - 0x00007fffe0f44000 	C:\WINDOWS\System32\ADVAPI32.dll
0x00007fffe1c60000 - 0x00007fffe1d09000 	C:\WINDOWS\System32\msvcrt.dll
0x00007fffe0f50000 - 0x00007fffe0ff6000 	C:\WINDOWS\System32\sechost.dll
0x00007fffe1620000 - 0x00007fffe1738000 	C:\WINDOWS\System32\RPCRT4.dll
0x00007fffe23f0000 - 0x00007fffe25b5000 	C:\WINDOWS\System32\USER32.dll
0x00007fffca240000 - 0x00007fffca4d3000 	C:\WINDOWS\WinSxS\amd64_microsoft.windows.common-controls_6595b64144ccf1df_6.0.26100.6899_none_3e0efeeae32e88c1\COMCTL32.dll
0x00007fffdfb90000 - 0x00007fffdfbb7000 	C:\WINDOWS\System32\win32u.dll
0x00007fffe21e0000 - 0x00007fffe220b000 	C:\WINDOWS\System32\GDI32.dll
0x00007fffdfdd0000 - 0x00007fffdfefd000 	C:\WINDOWS\System32\gdi32full.dll
0x00007fffdffc0000 - 0x00007fffe0063000 	C:\WINDOWS\System32\msvcp_win.dll
0x00007fffd4700000 - 0x00007fffd470b000 	C:\WINDOWS\SYSTEM32\VERSION.dll
0x00007fffe1d90000 - 0x00007fffe1dbf000 	C:\WINDOWS\System32\IMM32.DLL
0x00007fffd4470000 - 0x00007fffd447c000 	C:\Program Files\Java\jdk-21.0.10\bin\vcruntime140_1.dll
0x00007fffca4f0000 - 0x00007fffca57d000 	C:\Program Files\Java\jdk-21.0.10\bin\msvcp140.dll
0x00007fff7cc90000 - 0x00007fff7d9b7000 	C:\Program Files\Java\jdk-21.0.10\bin\server\jvm.dll
0x00007fffe1d10000 - 0x00007fffe1d84000 	C:\WINDOWS\System32\WS2_32.dll
0x00007fffdf450000 - 0x00007fffdf4ae000 	C:\WINDOWS\SYSTEM32\POWRPROF.dll
0x00007fffd4c70000 - 0x00007fffd4ca5000 	C:\WINDOWS\SYSTEM32\WINMM.dll
0x00007fffdf430000 - 0x00007fffdf444000 	C:\WINDOWS\SYSTEM32\UMPDC.dll
0x00007fffde560000 - 0x00007fffde57b000 	C:\WINDOWS\SYSTEM32\kernel.appcore.dll
0x00007fffd43a0000 - 0x00007fffd43aa000 	C:\Program Files\Java\jdk-21.0.10\bin\jimage.dll
0x00007fffd1120000 - 0x00007fffd1362000 	C:\WINDOWS\SYSTEM32\DBGHELP.DLL
0x00007fffe11d0000 - 0x00007fffe154b000 	C:\WINDOWS\System32\combase.dll
0x00007fffe10f0000 - 0x00007fffe11c7000 	C:\WINDOWS\System32\OLEAUT32.dll
0x00007fffc7c50000 - 0x00007fffc7c8c000 	C:\WINDOWS\SYSTEM32\dbgcore.DLL
0x00007fffe0070000 - 0x00007fffe0108000 	C:\WINDOWS\System32\bcryptPrimitives.dll
0x00007fffd2950000 - 0x00007fffd2960000 	C:\Program Files\Java\jdk-21.0.10\bin\instrument.dll
0x00007fffcba10000 - 0x00007fffcba31000 	C:\Program Files\Java\jdk-21.0.10\bin\java.dll
0x00007fffe04e0000 - 0x00007fffe0c2d000 	C:\WINDOWS\System32\SHELL32.dll
0x00007fffe0260000 - 0x00007fffe03cb000 	C:\WINDOWS\System32\wintypes.dll
0x00007fffdd400000 - 0x00007fffddc5d000 	C:\WINDOWS\SYSTEM32\windows.storage.dll
0x00007fffe03d0000 - 0x00007fffe04c2000 	C:\WINDOWS\System32\SHCORE.dll
0x00007fffe1000000 - 0x00007fffe1062000 	C:\WINDOWS\System32\shlwapi.dll
0x00007fffdf6b0000 - 0x00007fffdf6d9000 	C:\WINDOWS\SYSTEM32\profapi.dll
0x00007fffb4310000 - 0x00007fffb43e7000 	C:\Program Files\Java\jdk-21.0.10\bin\jsvml.dll
0x00007fffcc6c0000 - 0x00007fffcc6d8000 	C:\Program Files\Java\jdk-21.0.10\bin\zip.dll
0x00007fffd2de0000 - 0x00007fffd2df1000 	C:\Program Files\Java\jdk-21.0.10\bin\net.dll
0x00007fffd9c00000 - 0x00007fffd9d1f000 	C:\WINDOWS\SYSTEM32\WINHTTP.dll
0x00007fffdead0000 - 0x00007fffdeb3b000 	C:\WINDOWS\system32\mswsock.dll
0x00007fffd2d70000 - 0x00007fffd2d86000 	C:\Program Files\Java\jdk-21.0.10\bin\nio.dll
0x00007fffd40c0000 - 0x00007fffd40d0000 	C:\Program Files\Java\jdk-21.0.10\bin\verify.dll
0x00007fffd2ed0000 - 0x00007fffd2ef7000 	C:\Users\user\.gradle\native\1def1411415f61bf3af743bc5b6707747c0891f09f0c88961ee8f79bc544acac\windows-amd64\native-platform.dll
0x00007fffc5380000 - 0x00007fffc53f8000 	C:\Users\user\.gradle\native\0.2.7\x86_64-windows-gnu\gradle-fileevents.dll
0x00007fffd3020000 - 0x00007fffd302a000 	C:\Program Files\Java\jdk-21.0.10\bin\management.dll
0x00007fffd2fd0000 - 0x00007fffd2fdc000 	C:\Program Files\Java\jdk-21.0.10\bin\management_ext.dll
0x00007fffe1740000 - 0x00007fffe1748000 	C:\WINDOWS\System32\PSAPI.DLL
0x00007fffddfd0000 - 0x00007fffde004000 	C:\WINDOWS\SYSTEM32\IPHLPAPI.DLL
0x00007fffe1c40000 - 0x00007fffe1c4a000 	C:\WINDOWS\System32\NSI.dll
0x00007fffd2ce0000 - 0x00007fffd2ce9000 	C:\Program Files\Java\jdk-21.0.10\bin\extnet.dll
0x00007fffded80000 - 0x00007fffded9b000 	C:\WINDOWS\SYSTEM32\CRYPTSP.dll
0x00007fffde4c0000 - 0x00007fffde4fb000 	C:\WINDOWS\system32\rsaenh.dll
0x00007fffdeb70000 - 0x00007fffdeb9b000 	C:\WINDOWS\SYSTEM32\USERENV.dll
0x00007fffdf680000 - 0x00007fffdf6a6000 	C:\WINDOWS\SYSTEM32\bcrypt.dll
0x00007fffdeda0000 - 0x00007fffdedac000 	C:\WINDOWS\SYSTEM32\CRYPTBASE.dll
0x00007fffd0560000 - 0x00007fffd056e000 	C:\Program Files\Java\jdk-21.0.10\bin\sunmscapi.dll
0x00007fffdfbc0000 - 0x00007fffdfd37000 	C:\WINDOWS\System32\CRYPT32.dll
0x00007fffdefa0000 - 0x00007fffdefd0000 	C:\WINDOWS\SYSTEM32\ncrypt.dll
0x00007fffdef50000 - 0x00007fffdef8f000 	C:\WINDOWS\SYSTEM32\NTASN1.dll
0x00007fffd2e30000 - 0x00007fffd2e38000 	C:\WINDOWS\system32\wshunix.dll
0x00007fffde070000 - 0x00007fffde196000 	C:\WINDOWS\SYSTEM32\DNSAPI.dll
0x00007fffd4780000 - 0x00007fffd478b000 	C:\Windows\System32\rasadhlp.dll
0x00007fffda470000 - 0x00007fffda4f6000 	C:\WINDOWS\System32\fwpuclnt.dll
0x00007fffde680000 - 0x00007fffde6b6000 	C:\WINDOWS\SYSTEM32\ntmarta.dll

dbghelp: loaded successfully - version: 4.0.5 - missing functions: none
symbol engine: initialized successfully - sym options: 0x614 - pdb path: .;C:\Program Files\Java\jdk-21.0.10\bin;C:\WINDOWS\SYSTEM32;C:\WINDOWS\WinSxS\amd64_microsoft.windows.common-controls_6595b64144ccf1df_6.0.26100.6899_none_3e0efeeae32e88c1;C:\Program Files\Java\jdk-21.0.10\bin\server;C:\Users\user\.gradle\native\1def1411415f61bf3af743bc5b6707747c0891f09f0c88961ee8f79bc544acac\windows-amd64;C:\Users\user\.gradle\native\0.2.7\x86_64-windows-gnu

VM Arguments:
jvm_args: --add-opens=java.base/java.lang=ALL-UNNAMED --add-opens=java.base/java.lang.invoke=ALL-UNNAMED --add-opens=java.base/java.util=ALL-UNNAMED --add-opens=java.prefs/java.util.prefs=ALL-UNNAMED --add-exports=jdk.compiler/com.sun.tools.javac.api=ALL-UNNAMED --add-exports=jdk.compiler/com.sun.tools.javac.util=ALL-UNNAMED --add-opens=java.base/java.util=ALL-UNNAMED --add-opens=java.prefs/java.util.prefs=ALL-UNNAMED --add-opens=java.base/java.nio.charset=ALL-UNNAMED --add-opens=java.base/java.net=ALL-UNNAMED --add-opens=java.base/java.util.concurrent.atomic=ALL-UNNAMED --add-opens=java.xml/javax.xml.namespace=ALL-UNNAMED -Xmx2048m -Dfile.encoding=UTF-8 -Duser.country=US -Duser.language=en -Duser.variant -javaagent:C:\Users\user\.gradle\wrapper\dists\gradle-8.14.4-all\231zbbez8dqwqz4pvbcxtcw84\gradle-8.14.4\lib\agents\gradle-instrumentation-agent-8.14.4.jar 
java_command: org.gradle.launcher.daemon.bootstrap.GradleDaemon 8.14.4
java_class_path (initial): C:\Users\user\.gradle\wrapper\dists\gradle-8.14.4-all\231zbbez8dqwqz4pvbcxtcw84\gradle-8.14.4\lib\gradle-daemon-main-8.14.4.jar
Launcher Type: SUN_STANDARD

[Global flags]
     intx CICompilerCount                          = 4                                         {product} {ergonomic}
     uint ConcGCThreads                            = 2                                         {product} {ergonomic}
     uint G1ConcRefinementThreads                  = 8                                         {product} {ergonomic}
   size_t G1HeapRegionSize                         = 1048576                                   {product} {ergonomic}
    uintx GCDrainStackTargetSize                   = 64                                        {product} {ergonomic}
   size_t InitialHeapSize                          = 96468992                                  {product} {ergonomic}
   size_t MarkStackSize                            = 4194304                                   {product} {ergonomic}
   size_t MaxHeapSize                              = 2147483648                                {product} {command line}
   size_t MaxNewSize                               = 1287651328                                {product} {ergonomic}
   size_t MinHeapDeltaBytes                        = 1048576                                   {product} {ergonomic}
   size_t MinHeapSize                              = 8388608                                   {product} {ergonomic}
    uintx NonNMethodCodeHeapSize                   = 5839372                                {pd product} {ergonomic}
    uintx NonProfiledCodeHeapSize                  = 122909434                              {pd product} {ergonomic}
    uintx ProfiledCodeHeapSize                     = 122909434                              {pd product} {ergonomic}
    uintx ReservedCodeCacheSize                    = 251658240                              {pd product} {ergonomic}
     bool SegmentedCodeCache                       = true                                      {product} {ergonomic}
   size_t SoftMaxHeapSize                          = 2147483648                             {manageable} {ergonomic}
     bool UseCompressedOops                        = true                           {product lp64_product} {ergonomic}
     bool UseG1GC                                  = true                                      {product} {ergonomic}
     bool UseLargePagesIndividualAllocation        = false                                  {pd product} {ergonomic}

Logging:
Log output configuration:
 #0: stdout all=warning uptime,level,tags foldmultilines=false
 #1: stderr all=off uptime,level,tags foldmultilines=false

Environment Variables:
PATH=C:\Program Files\Common Files\Oracle\Java\javapath;C:\WINDOWS\system32;C:\WINDOWS;C:\WINDOWS\System32\Wbem;C:\WINDOWS\System32\WindowsPowerShell\v1.0\;C:\WINDOWS\System32\OpenSSH\;C:\sqlite;C:\ProgramData\chocolatey\bin;C:\Program Files\Java\jdk-21.0.10\bin;C:\Program Files\nodejs\;C:\Program Files\nodejs\node_modules\npm\bin;C:\Program Files\Git\cmd;C:\Users\user\AppData\Local\Android\Sdk\platform-tools;C:\Users\user\AppData\Local\Android\Sdk\emulator;C:\Users\user\AppData\Local\Microsoft\WindowsApps;C:\Users\user\AppData\Local\Programs\Microsoft VS Code\bin;C:\Users\user\AppData\Local\Yarn\bin;C:\Users\user\AppData\Roaming\npm;C:\Users\user\AppData\Local\Kingsoft\WPS Office\12.1.0.27458\clitool
USERNAME=user
OS=Windows_NT
PROCESSOR_IDENTIFIER=AMD64 Family 23 Model 160 Stepping 0, AuthenticAMD
TMP=C:\Users\user\AppData\Local\Temp
TEMP=C:\Users\user\AppData\Local\Temp




Periodic native trim disabled

---------------  S Y S T E M  ---------------

OS:
 Windows 11 , 64 bit Build 26100 (10.0.26100.6725)
OS uptime: 4 days 4:35 hours

CPU: total 8 (initial active 8) (8 cores per cpu, 2 threads per core) family 23 model 160 stepping 0 microcode 0x8a00006, cx8, cmov, fxsr, ht, mmx, 3dnowpref, sse, sse2, sse3, ssse3, sse4a, sse4.1, sse4.2, popcnt, lzcnt, tsc, tscinvbit, avx, avx2, aes, clmul, bmi1, bmi2, adx, sha, fma, vzeroupper, clflush, clflushopt, rdtscp, rdpid, f16c
Processor Information for all 8 processors :
  Max Mhz: 2401, Current Mhz: 2401, Mhz Limit: 2401

Memory: 4k page, system-wide physical 5877M (282M free)
TotalPageFile size 24309M (AvailPageFile size 42M)
current process WorkingSet (physical memory assigned to process): 391M, peak: 492M
current process commit charge ("private bytes"): 734M, peak: 825M

vm_info: Java HotSpot(TM) 64-Bit Server VM (21.0.10+8-LTS-217) for windows-amd64 JRE (21.0.10+8-LTS-217), built on 2025-12-18T14:59:28Z by "mach5run" with MS VC++ 17.13 (VS2022)

END.
